order_id,drone_id,drone_type,distance_km,payload_kg,drone_speedweather_condition,Unnamed: 6,battery_efficiency,ETA_actual
1,202,0,-0.9006294644870317,-1.0351667546393122,-1.6634524042058545,3,-0.836201918859014,42.76
2,535,1,-1.3417195104156932,-0.8375646689716723,1.635659743352324,1,-0.9600270023055468,8.74
3,960,1,-0.5026064781608539,-1.1621966668542234,-0.844897468840481,2,-1.246633375226735,38.51
4,370,1,-0.7339182660258053,-0.5905620618871226,0.6318589951744188,3,1.2611723878336585,21.08
5,206,1,-0.7026599163143255,0.8843963632749035,0.7383753375416242,1,0.0117912087888692,21.09
6,171,0,-0.9186898443203312,0.0587019338779799,0.402617301818911,1,0.6197862814420683,14.53
7,800,3,-1.5771990782421752,-1.0281095372940392,-0.6295492114459128,0,-0.8960275209736308,8.55
8,120,2,-1.6605546774727884,1.300772186646002,-0.774272502705703,1,0.9091752405081228,5.77
9,714,0,1.6743639217453263,1.3078294039912746,0.359779207606013,2,0.9161317058702872,62.18
10,221,2,-0.2511504204818374,1.2796005346101833,1.2923760964841011,1,-0.6400295956459685,20.71
11,566,3,-0.4004958691033528,-0.9081368424244008,1.5719814951980158,3,-0.2991627928998951,20.2
12,314,1,0.6150531815229507,-0.1741862385160242,-1.3485345224245509,1,-0.9982875617974531,91.29
13,430,3,-0.9714817238330528,1.6748047059454627,-1.1783399319030377,0,1.6695169045927296,30.28
14,558,0,1.5444681129442877,0.9337968846918132,1.5650347772175466,3,0.5182218871544633,43.51
15,187,1,0.9818178181376488,-1.6420874463327777,0.8419972140836339,3,1.5234311319872702,41.14
16,472,0,-1.4139610297488912,-1.5080003167725933,1.3508443061530568,0,-0.6720293363119259,6.31
17,199,1,-0.2858819201612596,-0.131842934444387,-1.0121975935367986,2,0.9919571783178832,48.02
18,971,2,1.3013476151883323,1.413687664170367,0.3250456177036632,3,0.9363054554205652,56.61
19,763,2,1.5264077331109878,0.1292741073307085,0.719271863095332,2,0.6782205904842524,53.06
20,230,2,-0.1143083117449142,-0.0118702395747486,0.6463313243003979,3,1.6312563451008235,26.19
21,761,3,0.3872145436259414,-1.366855969867136,-0.2984223210435128,3,-0.3582927484782952,48.38
22,408,0,-1.147223112210929,0.5385927133565336,-1.662873511040815,2,-1.2723722970667442,30.29
23,869,3,1.68617263163633,1.1102273183236346,0.3088366090825667,3,0.6093515833988217,64.74
24,443,2,-0.9249415142626272,-0.421188845600574,-0.8367929645299327,2,0.8096977858291663,25.88
25,591,0,1.520156063168692,0.9479113193823592,-0.151962350288605,0,0.2726586598700474,68.44
26,513,2,0.512247942471861,1.6042325324927342,1.6096095509255617,2,-1.0080266133044833,30.74
27,905,3,0.3677649038054649,-1.0281095372940392,-0.3302614451206669,0,0.0270954325856315,46.73
28,485,3,0.0412888068188968,0.0728163685685256,1.200910976407914,3,-0.6414208887184011,29.37
29,291,3,-0.9284146642305696,-0.7387636261378524,-1.061403512565127,2,-0.240728483857711,27.18
30,376,2,-1.114575502512272,1.004369058144542,0.6197022387085964,3,0.5168305940820306,12.6
31,260,0,-0.96384079390358,0.2633612368908926,1.6773400512351435,2,0.8646538621902683,11.45
32,559,0,-1.0805386328264384,0.4609633225585323,-1.3624279583854908,0,-0.9196795032049913,28.26
33,413,2,0.9588950283492302,1.0255407101803604,-1.68718702397246,0,-0.3172496028415238,130.43
34,121,0,-0.5178883380197998,-0.3647311068383912,-0.2104305599575605,2,-0.7909848940049432,29.41
35,352,2,-1.5230179387422766,1.427802098860913,-1.3942670824626446,0,-1.036548121289359,10.1
36,847,0,1.6104579623351891,0.1081024552948897,0.8830986288014149,3,0.9975223506076148,51.37
37,956,1,1.3173241050408666,-1.1904255362353149,1.4602551143454583,3,1.4350840218877772,40.03
38,660,1,1.4680588136495587,0.6726798429167178,-0.208693880462443,1,-0.4396833932156229,70.49
39,574,3,1.6993706015145102,1.011426275489815,-0.8176894900836401,0,0.8855232582767624,93.57
40,158,1,-1.123605692428922,-0.6399625833040326,-0.2075360941323645,3,1.3926495831785723,16.17
41,610,1,-0.3595126994816347,1.230200013193273,0.7968435472105794,2,1.215955362979588,25.49
42,781,1,0.8852642490288551,1.3995732294798215,-1.684871451312303,0,-1.0915041976504605,127.89
43,575,2,0.6713182110036148,-0.7740497128642166,0.331413442519094,3,1.5985609578986495,44.33
44,799,1,-1.192374061794178,1.66774748860019,0.414195165119694,0,-0.4174227040566962,11.83
45,882,1,1.0832337972015615,-1.2468832749974976,0.4987135672154115,2,-0.5475086063291774,47.16
46,289,3,-0.9499481940318112,-1.0351667546393122,-0.8755788065875562,3,-1.5102834124527789,25.78
47,786,1,-0.9520320840125766,-1.098681710746768,0.7638466368033475,1,-0.0362084022100674,16.39
48,662,1,0.1246444060495099,1.3572299254081848,-1.3988982277829578,1,-1.34819776951434,72.08
49,975,0,0.3170569142735088,0.5315354960112609,-1.0237754568375814,0,-0.8626364872352402,64.37
50,666,3,0.2726005946838484,-1.2045399709258606,1.3317408317067645,2,-0.6247253718492061,31.0
51,343,3,-1.4070147298130065,-0.2094723252423886,0.8495228252291428,3,1.0858694607071069,9.6
52,931,3,1.2950959452460364,0.3903911491058037,-1.668662442691207,2,1.317519757267193,141.88
53,604,3,-0.8082436753397688,-1.444485360665137,-0.8535808663160683,3,-0.675507568993008,28.83
54,230,3,-1.2764242910183794,1.314886621336547,-0.9716750719840572,0,1.2590854482250098,14.98
55,584,3,1.3339952248869893,1.0467123622161791,-0.7754302890357815,3,1.254215922471494,82.33
56,918,2,1.5639177527647636,0.0163586298063427,-0.8564753321412639,2,0.9321315762032664,96.0
57,746,1,1.2429986957269032,1.611289749838007,-1.4990467453347327,2,-1.2174162207056427,125.31
58,120,3,1.0617002674003195,-0.28710171604039,-0.1218599057065688,0,0.6740467112669534,60.69
59,940,1,0.5310029522987492,1.66774748860019,0.8286826712877334,2,1.5596047518705267,34.57
60,266,1,0.1725738756071125,0.573878800082898,0.3910394385181276,3,0.6469164963545109,37.04
61,373,2,-1.4222965896719524,0.4609633225585323,0.6208600250386744,0,-0.5739431747054031,7.5
62,487,3,-0.3171402698727397,-1.1621966668542234,-1.4342107108503466,3,0.0138781483975187,57.25
63,700,0,-0.4400897787378941,1.314886621336547,1.588769396984152,2,0.5189175336906802,19.12
64,415,2,-0.8283879451538337,-0.2588728466592985,1.1962798310876006,0,0.0486604752083424,13.12
65,113,0,0.7657878901316431,-1.1763111015447691,1.0805011980797683,3,-1.3099372100224338,39.22
66,341,1,-0.0163654826489438,-1.6914879677496872,1.1424427667389585,2,-0.642116535254618,26.98
67,876,1,-1.4431354894796058,0.1998462807834367,1.523354469334726,2,1.06360877154818,4.89
68,445,2,-0.9645354238971684,0.0869308032590713,0.1745333947934813,1,1.2688244997320397,15.37
69,664,2,0.6275565214075427,0.7503092337147194,-1.0203020978473465,2,-1.2494159613716007,72.38
70,997,0,-1.4598066093257285,1.3431154907176388,0.4263519215855164,3,1.5853436737105366,5.28
71,439,3,1.204794046079539,-1.4585997953556833,0.8639951543551218,0,-0.5836822262124338,46.95
72,191,0,-0.0191440026232975,0.7926525377863565,0.8472072525689865,1,0.5766561961966474,30.14
73,466,2,-0.0691573621616656,-1.0845672760562222,0.0952250311831164,2,0.8876101978854118,31.66
74,554,0,0.3149730242927434,1.2372572305385456,-1.4782065913933229,2,1.0969998052865704,82.7
75,527,2,1.1137975169194527,1.0961128836330891,-0.4269366036822065,2,1.562387338015393,68.03
76,608,0,-0.5255292679492726,0.1363313246759812,1.482253054616946,3,-0.6386383025735348,19.8
77,875,2,0.6094961415742434,0.7220803643336279,0.3140466475679193,1,1.2590854482250098,42.87
78,134,2,0.2232818651390689,-0.6470198006493054,0.1536932408520716,3,-1.2695897109218783,38.08
79,305,2,-0.8033812653846497,-0.1036140650632956,-0.7823770070162513,1,0.7248289084107564,28.3
80,180,3,1.2992637252075672,1.1102273183236346,-0.4361988943228332,0,0.8535235176108039,71.01
81,661,0,1.020022467785013,-0.1459573691349328,1.3936824003659545,3,0.6302209794853157,36.28
82,971,0,0.5421170321961645,-0.4988182363985753,0.5988620847671866,3,-0.8494192030471274,40.45
83,487,0,1.2027101560987736,-0.0259846742652943,1.018559629420578,0,1.309171998832596,45.37
84,101,2,1.2603644455666143,1.1313989703594534,-0.1380689143276654,1,-1.140199455185614,64.17
85,489,0,0.7136906406125098,-0.5764476271965768,0.4726633747886495,2,-1.5408918600463035,44.72
86,665,0,1.1561699465283477,-1.133967797473132,-0.8535808663160683,0,0.7679589936561781,83.47
87,205,2,0.676180620958734,0.7291375816789006,0.73432308538635,2,-0.0737733151657575,38.49
88,871,1,0.6171370715037162,1.1243417530141806,-0.2306918207339313,2,1.2256944144866189,51.65
89,921,2,0.405274923459241,-1.3880276219029548,-0.1791703290454459,0,-0.3937707218253358,45.2
90,576,0,0.866509239201967,-0.901079625079128,0.539236088768153,1,-1.1422863947942636,43.34
91,802,2,-1.1763975719416435,-1.2398260576522249,1.5360901189655884,2,1.1818686827049802,10.69
92,501,1,1.30690465513704,-0.5341043231249397,-1.4938367068493803,0,0.1822246101619058,127.62
93,829,2,1.2763409354191482,-0.1741862385160242,1.1482316983893504,3,-1.0692435084915333,46.71
94,655,0,-1.6209607678382472,0.8561674938938121,-0.7007530707457298,3,0.7783936916994247,6.6
95,261,1,1.1179652968809837,0.5174210613207152,-0.1739602905600933,3,0.0507474148169919,60.07
96,301,3,-1.2785081809991448,0.4115628011416224,-1.640296677604288,0,0.3749187006938692,22.05
97,369,0,-0.5692909575453444,-0.5129326710891211,-0.6706506261636933,3,-0.1245555123095595,34.0
98,962,1,0.8345562594968985,1.17374227443109,0.0298101035336911,2,1.1554341143287543,52.47
99,915,1,-1.1687566420121709,-0.1036140650632956,-1.5210446856062207,3,1.1582167004736208,27.22
100,370,3,1.0908747271310344,1.6536330539096444,-0.0101335248540108,3,0.7401331322075188,59.15
101,555,2,1.139498826682225,0.4609633225585323,1.504250994888434,2,-1.3607194071662363,40.27
102,561,2,0.0232284269855974,-1.2962837964144076,-1.3502712019196683,3,1.190216441139578,69.07
103,826,0,-1.699453957113741,0.6021076694639895,0.9392512658102132,2,0.6065689972539554,1.11
104,351,3,-0.7346128960193938,-0.6117337139229411,-0.2932122825581605,3,0.697003046962097,25.74
105,801,2,0.3997178835105334,0.6373937561903537,0.5594973495445237,2,-0.4647266685194159,39.14
106,395,3,1.6521357619504962,-1.4938858820820475,-0.8124794515982878,3,1.330737041455306,93.3
107,824,2,0.4504258730424897,-1.1269105801278592,-1.162130923281941,2,0.7957848551048365,74.83
108,819,1,-0.8283879451538337,1.2231427958480003,-1.158657564291706,0,-1.3356761318624433,31.63
109,848,2,0.4580668029719625,-0.950480146496038,-1.471259873412853,2,-0.3089018444069258,92.5
110,437,3,0.1350638559533367,1.1596278397405448,-1.071244696370793,3,1.355780316759099,58.46
111,978,1,0.9595896583428184,-0.7669924955189438,0.5907575804566383,3,-1.563152549205231,46.45
112,152,1,-1.3535282203066965,0.4891921919396237,1.3462131608327437,1,1.6166477678402773,6.14
113,891,1,0.8949890689390934,0.665622625571445,1.111761428991883,2,0.6350905052388306,40.52
114,316,3,0.1392316359148672,0.0375302818421611,0.6636981192515725,0,0.468830983083093,30.65
115,863,0,1.5896190625275364,-0.6752486700303967,-1.3323255138034544,2,-0.7861153682514279,121.77
116,287,0,-0.5463681677569258,-0.999880667912948,-0.7117520408814737,2,-0.8619408406990239,33.57
117,479,0,0.4532043930168434,-1.6209157942969588,-0.6399692884166177,0,1.5491700538272792,59.53
118,592,3,1.4833406735085044,-0.6823058873756696,-0.8477919346656766,2,-0.6901161462535546,89.9
119,140,1,-1.3695047101592306,0.5244782786659878,0.0726481977465891,0,0.9703921356951722,8.02
120,256,0,1.5007064233482157,1.5124887070041872,0.1438520570464061,0,-0.3596840415507288,63.76
121,114,3,0.6435330112600767,1.2796005346101833,-0.4767214158755747,2,-1.2431551425456522,58.13
122,912,0,-1.4882864390628543,0.9126252326559948,-0.4871414928462795,2,-1.6897602187966294,10.8
123,164,2,-0.6866834264617913,0.9902546234539962,1.1615462411852506,3,0.1655290932927098,15.46
124,956,0,0.712996010618921,0.5668215827376251,1.025506347401048,3,1.6667343184478645,38.41
125,938,0,-1.49037032904362,-0.8305074516263995,-0.6469160063970879,1,-0.443161625896706,7.8
126,620,1,0.2802415246133213,1.4066304468250943,1.4579395416853012,1,-0.4849004180696942,26.91
127,443,3,-0.5324755678851569,0.5879932347734438,1.593400542304465,2,-0.5308130894599813,18.64
128,228,1,0.4136104833823022,0.2069034981287097,-0.5815010787476625,0,0.0834428020191662,55.56
129,747,1,-1.5646957383575832,-1.3527415351765903,-0.4848259201861226,1,-0.1948158124674238,8.23
130,571,1,1.2749516754319716,-0.1883006732065699,0.0402301805043964,2,1.3335196276001722,59.34
131,162,1,1.625739822194135,-0.1389001517896601,1.5528780207517237,1,0.0312693118029306,44.69
132,238,1,1.6097633323416012,1.2584288825743644,1.32768857955149,0,0.0389214237013117,46.54
133,598,0,0.8560897892981404,0.1575029767117996,-1.360112385725334,2,-1.245937728690518,100.8
134,692,1,-1.274340401037614,-0.421188845600574,-0.3522593853921547,0,1.6910819472154406,12.08
135,491,1,0.8852642490288551,1.6465758365643712,0.2057936257055964,2,-0.8577669614817249,49.13
136,774,3,-1.6369372576907812,-1.3527415351765903,0.0315467830288086,1,-1.4720228529608723,4.06
137,518,2,-1.6452728176138425,-0.2729872813498442,-1.042878931283874,3,0.5794387823415128,6.2
138,388,0,-0.6088848671798858,-1.5856297075705943,1.2669047972223784,1,0.3436146065641276,16.66
139,478,0,-0.0413721624181277,0.8279386245127206,0.6353323541646535,1,-0.2831629225669159,31.73
140,872,0,0.92763667863775,1.4419165335514583,1.1939642584274437,3,-0.2588152937993397,37.99
141,589,1,0.6275565214075427,-0.7669924955189438,1.2669047972223784,3,1.0030875228973466,36.47
142,330,1,-0.1886337210588777,1.2372572305385456,0.8830986288014149,2,-1.0462871727963898,23.7
143,140,1,-0.7811531055898197,-0.7246491914473067,-0.1907481923462289,2,1.1255213132714466,23.48
144,127,3,1.707011531443983,1.413687664170367,0.4043539813140285,0,0.5293522317339266,63.23
145,234,2,-0.2560128304369566,0.8702819285843577,-1.159236457456745,0,-0.2699456383788031,49.46
146,300,1,-0.1698787112319897,1.0467123622161791,0.6237544908638705,1,-0.1342945638165902,30.04
147,939,2,-1.1590318221019325,-1.6703163157138687,-1.0932426366422807,3,-0.8348106257865814,20.9
148,879,3,1.0109922778683635,1.5971753151474617,0.6943794569986481,0,0.8890014909578445,47.82
149,132,0,0.663677281074142,0.7785381030958107,-0.9184169008004542,1,0.0563125871067236,72.14
150,147,1,-0.9624515339164031,-0.6823058873756696,-1.3080120008718097,3,-0.6115080876610922,29.68
151,602,2,-1.438273079524487,1.1313989703594534,-1.1418696625055702,2,0.3457015461727771,11.15
152,506,2,0.6178317014973045,-0.7599352781736709,-1.709184964243948,1,1.736298972069512,114.77
153,673,1,0.5289190623179837,1.2866577519554558,0.7800556454244437,2,-0.2135982689452684,35.21
154,827,0,-0.781847735583408,-1.3456843178313176,0.827524884957655,0,1.4747358744521168,15.35
155,904,0,1.5479412629122296,0.7009087122978092,0.0726481977465891,0,-0.5273348567788991,62.83
156,198,0,-1.202098881704416,0.1363313246759812,-1.1557630984665104,3,-1.5367179808290046,20.04
157,783,3,-0.2351739306293035,-1.4021420565935006,-1.4261062065397982,1,-1.0170700182752976,62.35
158,971,2,1.5229345831430456,-0.8940224077338551,-1.6495589682449143,2,-0.2713369314512358,149.52
159,825,2,-0.2782409902317868,-1.6914879677496872,-1.140711876175492,3,-0.9635052349866292,48.04
160,646,2,0.4740432928244968,-0.1106712824085686,1.3780522849098973,0,-1.7266294852161026,32.36
161,838,3,-0.3546502895265156,-0.6893631047209424,-0.8773154860826737,0,1.4552577714380557,39.99
162,712,2,-0.7790692156090542,0.3339334103436209,-0.485404813351162,1,1.2076076045449902,23.22
163,561,3,1.6618605818607344,-0.703477539411488,-1.3502712019196683,2,0.8542191641470207,125.48
164,742,0,-0.3143617498983858,-0.6964203220662152,-0.9438882000621772,1,-1.143677687866696,46.13
165,868,1,1.3527502347138771,0.8349958418579936,0.0871205268725681,2,-1.3085459169500009,62.45
166,104,2,-0.9311931842049233,-1.564458055534776,0.3950916906734018,2,-1.4921966025111502,15.8
167,317,2,-0.988847473672764,1.3854587947892756,-0.8640009432867732,1,0.7909153293513217,24.5
168,602,0,-1.614709097895951,1.2160855785027276,-1.5158346471208684,3,1.503257382436992,8.48
169,866,1,0.5191942424077455,0.573878800082898,-0.3580483170425464,1,-0.2295981392782476,53.64
170,497,3,-0.4546770086032515,0.3198189756530751,-0.902786785344397,1,-1.3127197961672996,40.1
171,970,1,1.250639625656376,1.3501727080629116,-0.953729383867843,0,0.0549212940342909,90.15
172,894,0,-0.0948586719244378,-1.091624493401495,1.61771405523611,0,-0.5141175725907863,21.88
173,492,0,1.6076794423608356,-1.4585997953556833,0.4246152420903988,1,-0.4236835228826446,56.86
174,306,1,-1.0840117827943807,-0.9081368424244008,0.2179503821714184,1,0.4340486562722692,14.36
175,114,3,1.2652268555217334,1.011426275489815,-0.2717932354517113,0,0.772828519409693,68.97
176,957,3,0.9484755784454032,-1.613858576951686,-0.2260606754136176,2,-1.342632597224608,59.6
177,653,2,0.9290259386249268,0.284532888926711,0.1623766383276593,1,-1.6035000483057864,53.3
178,991,3,1.1832605162782972,1.7100907926718274,0.7030628544742354,3,1.731429446315996,50.62
179,560,1,0.8949890689390934,1.2231427958480003,0.7227452220855671,3,-0.9175925635963418,41.78
180,790,0,0.4316708632156018,0.0728163685685256,-1.1198717222340822,3,-1.5401962135100873,72.77
181,674,2,-1.2701726210760833,-1.515057534117866,0.0211267060581037,1,-1.067156568882884,12.7
182,963,2,-1.609846687940832,1.138456187704726,-0.2851077782476123,2,-1.5916740571901062,8.05
183,842,0,1.4444413938675515,0.3339334103436209,1.3074273187751198,2,-0.3645535673042437,47.46
184,340,3,0.3983286235233565,-1.3386271004860446,0.4772945201089627,0,1.06360877154818,39.16
185,663,0,1.0172439478106592,-1.409199273938773,0.1334319800757012,1,-0.540552140967012,52.46
186,195,3,-0.0656842121937233,1.413687664170367,-1.3155376120173186,2,-0.1822941748155278,64.27
187,833,0,-1.318102090633686,0.5809360174281708,0.3875660795278929,1,0.6225688675869346,8.0
188,584,1,-1.2910115208837367,1.1313989703594534,-1.309169787201888,0,0.0423996563823939,20.43
189,506,3,0.6358920813306039,1.3078294039912746,-0.5450308093501957,0,1.2688244997320397,61.62
190,330,1,-0.2421202305651877,0.2421895848550739,-1.220020239785857,0,1.2848243700650188,52.78
191,848,2,-1.0319145332752475,0.0587019338779799,0.6874327390181783,3,-1.6925428049414952,14.46
192,754,0,-0.0316473425078897,-0.2447584119687528,-0.9994619439059368,1,0.9787398941297702,53.27
193,270,2,-1.5007897789474465,-0.6399625833040326,-0.3551538512173508,0,-0.1245555123095595,7.83
194,640,2,0.2795468946197327,-0.2306439772782071,1.3948401866960325,1,1.7119513433019349,28.05
195,135,2,-0.7964349654487652,0.9408541020370864,-1.0064086618864068,3,-0.0466431002533149,32.37
196,624,2,1.020717097778601,0.3480478450341666,0.0477557916499052,3,1.7049948779397703,57.49
197,259,0,-0.654730446756723,1.3501727080629116,-0.2596364789858893,0,0.8973492493924425,28.12
198,938,2,-0.1566807413538092,-0.2024151078971156,-1.6530323272351497,0,-0.8626364872352402,73.67
199,798,0,-1.6813935772804418,0.3621622797247123,1.03766310386687,2,0.1453553437424325,5.44
200,342,0,-1.4723099492103202,0.4468488878679866,-1.4764699118982054,1,1.7237773344176148,14.98
201,185,1,-0.3720160393662267,0.3127617583078024,-0.0686017345229659,0,1.2556072155439266,28.68
202,895,3,-0.0712412521424307,0.6938514949525365,0.2312649249673193,2,-1.3885452686148958,30.49
203,677,3,0.3413689640491041,-0.9151940597696736,0.4668744431382579,1,0.7296984341642713,36.23
204,781,0,-0.7186364061668598,0.0375302818421611,0.6758548757173949,0,-0.5252479171702497,20.8
205,656,1,0.6678450610356723,-1.373913187212409,-0.8362140713648932,2,-1.7029775029847425,69.26
206,673,0,1.2360523957910186,-0.4070744109100284,-1.6813980923220684,2,-0.3242060682036882,143.02
207,745,0,0.9595896583428184,-0.0471563263011127,0.7968435472105794,1,-0.9106360982341768,42.39
208,895,0,-1.5855346381652364,0.5244782786659878,0.1444309502114452,2,1.1206517875179307,6.74
209,127,1,-0.0691573621616656,1.5548320110758242,1.1881753267770525,1,-0.5537694251551248,23.22
210,719,3,-1.3611691502361694,0.3409906276888939,1.136653835088567,1,1.1512602351114554,7.35
211,655,1,-0.8895153845896167,0.8349958418579936,1.2130677328737358,1,-1.7252381921436697,14.92
212,439,2,1.6708907717773842,0.0163586298063427,-0.0309736787954206,3,-0.6567251125151635,67.71
213,897,1,-1.231967971428719,0.4609633225585323,-0.5571875658160177,2,-0.8883754090752497,16.69
214,430,1,-0.0066406627387055,-1.4868286647367746,1.0330319585465568,1,-0.914809977451476,26.06
215,739,1,0.4038856634720642,-0.851679103662218,-0.1484889912983703,0,-1.4901096629025012,47.3
216,605,1,0.693546370798445,-0.4847038017080297,-1.0787703075163018,3,-1.0761999738536985,77.85
217,447,3,0.2024429653314156,-0.0965568477180229,1.2535902544264774,3,0.2051809458570494,29.35
218,572,2,-1.688339877216326,-1.5785724902253218,1.3491076266579392,2,-0.713768128484915,1.43
219,330,3,-0.5991600472696474,-1.2468832749974976,-0.0963886064448459,1,-0.2755108106685348,23.23
220,289,3,0.0586545566586078,-0.7740497128642166,-1.453314185296639,2,-0.4167270575204793,75.53
221,324,1,-1.4195180696975984,1.6254041845285532,-0.3690472871782904,3,1.3196066968758426,8.82
222,484,0,-0.5158044480390344,-0.5905620618871226,1.0747122664293765,1,1.4211710911634483,21.55
223,476,0,-1.6077627979600666,-0.0683279783369315,1.4162592338024818,0,-0.012556419978707,6.92
224,382,3,-1.451471049402667,-1.056338406675131,-1.0093031277116025,1,-0.578812700458918,10.14
225,732,3,-0.356734179507281,0.376276714415258,-1.4834166298786753,3,-1.355849881412721,57.25
226,727,1,-1.2653102111209642,-0.7599352781736709,1.331161938541725,0,1.588821906391619,9.8
227,844,3,0.2295335350813649,-1.0210523199487664,-0.3638372486929381,1,-1.51793552435116,48.78
228,358,1,0.6490900512087846,0.0516447165327069,0.165849997317894,0,-0.6922030858622041,48.55
229,458,0,1.0311365476824284,-1.712659619785506,1.6460798203230285,0,-0.6908117927897705,36.78
230,809,0,-1.0333037932624245,-1.705602402440233,-1.485153309373793,3,-0.6128993807335259,32.9
231,555,2,-1.145833852223752,-0.9787090158771292,0.5357627297779178,0,-1.1561993255185927,10.63
232,510,0,-1.361863780229758,-1.6068013596064132,-1.4585242237819915,2,0.996826704071398,20.37
233,748,3,0.4664023628950239,-1.359798752521863,-0.4118853813911884,3,-1.3015894515878363,54.98
234,417,0,0.7074389706702136,-0.5623331925060311,1.0758700527594554,2,0.48135262073499,35.48
235,776,1,-1.6133198379087743,1.0396551448709064,-0.2104305599575605,0,-1.296719925834321,4.48
236,324,0,1.4972332733802736,0.2421895848550739,1.7473861242048816,2,-1.4817619044679031,39.62
237,918,2,-1.5431622085563417,0.0375302818421611,0.2254759933169276,1,1.435779668423994,5.18
238,333,0,0.1392316359148672,-0.7175919741020338,-0.6006045531939548,0,-1.0657652758104512,50.41
239,783,1,0.7164691605868635,1.4913170549683683,-0.9514138112076864,1,1.1289995459525286,73.36
240,763,1,1.2728677854512065,-0.3576738894931185,-0.4987193561470625,2,0.1669203863651434,71.3
241,926,3,0.7338349104265746,-1.430370925974592,-0.4223054583618932,1,-1.45671862916411,58.15
242,473,0,1.0353043276439586,0.3974483664510768,-1.4776276982282837,0,1.5957783717537832,115.99
243,771,1,-0.5547037276799871,-1.3386271004860446,-0.4327255353325981,1,-0.868201659524972,30.5
244,707,2,1.079760647233619,-0.5411615404702125,-0.1039142175903547,2,1.262563680906092,58.97
245,571,3,-1.4459140094539595,0.0234158471516154,0.7939490813853837,2,-1.140199455185614,5.54
246,332,2,1.3548341246946425,1.2866577519554558,0.564707388029876,2,1.243085577892031,55.2
247,791,0,0.1614597957096974,-0.0259846742652943,0.7459009486871334,0,-1.681412460362032,33.54
248,212,0,1.0887908371502688,0.6938514949525365,-1.68718702397246,2,0.0528343544256414,134.61
249,929,0,-0.1664055612640475,1.6959763579812814,-0.9600972086832738,0,0.9488270930724614,46.51
250,596,3,0.4914090426642079,-1.282169361723862,0.582074182981051,1,1.5241267785234862,36.42
251,541,1,0.0885236463829109,-0.7811069302094895,-0.0350259309506947,2,1.4350840218877772,36.71
252,663,3,0.7935730898751806,-0.3717883241836642,-1.6976071009431648,1,1.123434373662797,123.34
253,367,2,-1.4410515994988404,-0.2729872813498442,1.0781856254196116,3,1.3620411355850477,9.08
254,609,3,-1.5139877488256268,-0.3153305854214814,0.9681959240621716,1,-1.0344611816807097,5.99
255,906,2,-0.8721496347499056,1.4066304468250943,0.1890057239194603,3,-0.738811403788708,20.25
256,485,3,-1.1729244219737014,0.7361947990241736,-1.485153309373793,1,-0.722115886919512,25.57
257,486,1,1.2756463054255598,0.3692194970699853,0.9461979837906828,0,-0.4160314109842635,47.64
258,212,2,-0.9680085738651109,-0.6611342353398509,0.3111521817427237,1,-0.358988395014512,17.41
259,712,0,1.6340753821171967,1.1172845356689074,1.0000350481393252,0,0.1669203863651434,49.5
260,724,0,-0.5630392876030484,1.5689464457663702,0.8946764921021974,0,-1.1715035493153552,19.4
261,180,3,-1.0958204926853845,1.103170100978362,1.0729755869342597,2,0.6768292974118197,12.49
262,798,0,0.9936265280286524,-1.7267740544760517,0.083068274717294,0,-1.1443733344029126,52.02
263,212,2,0.5435062921833411,0.4680205399038053,-1.2287036372614444,3,-0.6476817075443496,79.48
264,101,0,-0.0087245527194709,-1.557400838189503,0.6150710933882831,2,0.0236171999045494,30.5
265,741,1,0.1878557354660582,-0.8446218863169451,0.4390875712163779,2,1.0427393754616852,37.59
266,319,1,0.7512006602662856,-1.5291719688084116,0.8622584748600051,1,0.84448011263999,39.66
267,665,3,-0.9360555941600422,0.3551050623794396,-1.126239547049513,0,0.5182218871544633,30.16
268,954,2,1.7042330114696294,0.6373937561903537,-1.0388266791285998,0,-1.185416480039685,106.93
269,835,1,1.629907602155666,-1.3386271004860446,1.3763156054147798,3,0.1752681447997405,48.25
270,324,1,0.5143318324526264,-0.4070744109100284,0.8888875604518062,1,-1.4233275954257194,36.51
271,484,2,-1.0353876832431896,-0.1530145864802058,1.4382571740739696,1,-0.4146401179118298,13.72
272,502,0,0.6171370715037162,-0.4564749323269383,0.9189900050338422,2,-0.2887280948566476,36.82
273,737,0,-1.4736992091974972,-1.3174554484502263,0.3580425281108954,2,-1.5888914710452402,7.88
274,229,3,-1.616098357883128,-0.28710171604039,0.5560239905542886,2,-0.7742893771357476,5.42
275,152,0,-0.8353342450897181,0.8632247112390847,1.3722633532595052,3,1.59647401829,14.14
276,783,2,-0.130979431591037,-1.4868286647367746,0.2943642799565876,3,1.5895175529278356,29.23
277,829,1,1.2638375955345562,-1.4585997953556833,0.4801889859341584,2,-0.5015959349388892,50.5
278,771,0,0.778291230016235,-0.5058754537438482,-1.1725510002526458,1,-1.5770654799295607,82.86
279,809,3,0.8317777395225449,1.51954592434946,-0.0697595208530445,3,-1.104721481838573,55.65
280,515,0,-0.2587913504113106,0.5809360174281708,0.7719511411138954,1,-0.363162274231811,24.0
281,346,2,-0.5324755678851569,0.6162221041545352,-0.7748513958707425,1,1.5693438033775575,33.45
282,935,3,-0.4456468186866015,-0.4847038017080297,-1.0133553798668766,0,-1.2361986771834874,42.82
283,538,0,1.6743639217453263,0.3198189756530751,-0.6260758524556781,2,0.928653343522184,86.4
284,302,3,-1.583450748184471,-1.6985451850949602,-0.8773154860826737,0,-1.349589062586773,7.34
285,283,2,1.259669815573026,0.4680205399038053,-0.9699383924889396,2,1.685516774925709,88.82
286,222,1,0.2677381847287293,1.427802098860913,-0.2405330045395967,2,-0.4000315406512842,47.5
287,500,2,-0.2136404008280616,0.383333931760531,1.4370993877438911,1,0.9690008426227396,24.14
288,866,2,0.7720395600739387,1.2866577519554558,0.0448613258247096,2,-0.5356826152134971,52.45
289,393,2,-0.0483184623540122,0.7714808857505377,-1.0631401920602443,1,0.4556136988949801,54.44
290,379,2,1.2812033453742673,-1.3174554484502263,-1.4486830399763255,1,-1.059504456984503,122.23
291,936,1,1.3749783945087073,1.3854587947892756,0.7019050681441573,2,-1.2195031603142923,49.37
292,983,1,-0.2712946902959025,-1.5009430994273203,-0.3864140821294654,1,1.5352571231029506,33.21
293,709,3,-0.7700390256924045,0.1151596726401627,1.1383905145836846,1,1.4643011764088694,13.76
294,297,0,0.3149730242927434,-1.2398260576522249,0.5745485718355418,1,1.359258549440182,36.31
295,610,1,1.415266934136837,-1.6914879677496872,1.0492409671676537,3,0.4479615869965989,47.19
296,851,1,-0.9971830335958252,-0.2729872813498442,-0.7713780368805074,1,1.0837825210984573,22.65
297,243,0,0.4205567833181867,-0.7105347567567609,0.6885905253482564,3,-1.4873270767576348,33.99
298,708,1,0.4497312430489014,-0.0542135436463858,-0.7991649088023869,3,-0.5628128301259397,61.19
299,300,2,0.7991301298238881,0.2633612368908926,1.5453524096062148,1,-0.6358557164286694,35.72
300,223,2,-1.2694779910824951,-1.5856297075705943,0.4940824218950984,1,0.4834395603436395,10.25
301,286,0,0.739391950375282,-1.3103982311049531,-0.5890266898931718,3,-0.4890742972869932,64.35
302,425,3,1.404152854239422,0.1998462807834367,-0.7800614343560948,3,-1.210459755343478,85.03
303,563,3,-1.1041560526084455,-0.5482187578154853,-1.0527201150895396,1,0.3470928392452098,23.96
304,448,0,-0.9047972444485624,0.7855953204410835,0.6966950296588047,1,1.1053475637211685,16.19
305,870,0,1.6180988922646622,0.5244782786659878,-0.956623849693039,2,-0.3979446010426348,98.84
306,759,2,-1.0992936426533264,1.187856709121636,0.3516747032954647,3,-1.267502771313229,12.5
307,863,3,1.2159081259769535,0.6585654082261724,-0.7968493361422303,3,-1.043504586651524,82.65
308,502,1,-0.0288688225335357,-0.2447584119687528,0.5832319693111291,2,-0.901592693263363,31.91
309,445,2,-0.8714550047563171,0.5950504521187164,1.1146558948170793,3,-0.6845509739638229,14.41
310,610,0,1.272173155457618,-0.7811069302094895,0.9861416121783856,0,0.5084828356474326,44.88
311,246,3,-0.1907176110396431,-0.6752486700303967,0.926515616179352,3,0.363092709578189,27.22
312,247,1,0.0482351067547813,0.9973118407992692,-1.0642979783903228,2,0.6935248142810148,58.75
313,963,1,-0.4866299883083196,-0.1883006732065699,-1.4093183047536626,0,-0.4661179615918496,50.41
314,810,2,0.3170569142735088,1.0255407101803604,0.7117462519498228,1,1.1387385974595594,34.57
315,919,3,-1.159726452095521,1.1102273183236346,-0.4367777874878723,2,-1.017765664811514,14.62
316,588,3,-0.3768784493213458,1.230200013193273,-0.2144828121128347,2,-0.0960340043246842,31.95
317,739,0,1.6118472223223663,1.4348593162061858,-1.607878660362095,1,1.0587392457946645,149.61
318,650,3,-0.8339449851025412,-0.2447584119687528,-0.8147950242584444,2,-1.1005476026212748,29.87
319,437,3,0.5365599922474565,-0.6329053659587597,-1.5991952628865076,3,-1.345415183369474,102.34
320,971,2,-0.6033278272311781,0.2774756715814383,1.337529763357156,1,1.3460412652520692,17.64
321,740,3,0.9380561285415766,-0.4494177149816655,-0.870947661267243,2,-0.5342913221410635,77.57
322,878,1,-1.2715618810632603,0.3480478450341666,0.2196870616665359,1,0.6510903755718098,13.29
323,572,2,1.613236482309543,0.7079659296430822,-1.5806706816052545,1,-1.6389780216528265,148.77
324,250,2,-0.1615431513089283,0.6444509735356266,0.6000198710972647,1,0.6726554181945207,27.76
325,514,0,-0.91035428439727,-0.4353032802911198,-0.594236728378524,0,-0.6275079579940714,24.21
326,397,3,-1.468836799242378,-1.1551394495089506,1.4029446910065808,2,-1.5332397481479223,6.67
327,710,0,-1.1381929222942793,-0.2447584119687528,1.368789994269271,0,0.3937011571717138,10.56
328,362,1,0.0656008565944924,-1.2398260576522249,-0.5861322240679757,2,-0.8897667021476828,45.21
329,863,2,-0.5630392876030484,1.3431154907176388,1.413364767977286,3,-0.3819447307096555,17.78
330,243,2,1.1283847467848105,-0.5411615404702125,1.7439127652146469,3,-1.4469795776570793,35.94
331,445,2,-0.2400363405844226,-1.197482753580588,1.1505472710495066,3,-1.2153292810969931,25.51
332,723,1,-0.866592594801198,-1.64914466367805,1.2182777713590889,2,-0.6908117927897705,13.76
333,671,1,0.4004125135041219,0.4962494092848964,-0.8512652936559117,1,-1.4149798369911215,64.01
334,980,0,0.7088282306573906,0.4680205399038053,0.2868386688110788,1,1.44064919417751,46.0
335,101,0,-1.147223112210929,-0.5552759751607582,-1.482258843548597,0,-1.706455735665825,27.48
336,996,0,-1.1451392222301635,-1.4868286647367746,-1.3861625781520963,0,-0.0445561606446654,25.54
337,403,3,-1.5952594580754746,-0.3153305854214814,1.7531750558552737,3,-1.2988068654429703,2.58
338,353,2,0.8102442097213034,-0.6611342353398509,-0.5815010787476625,0,-0.6574207590513803,64.08
339,751,2,0.5608720420230522,0.6091648868092622,0.8825197356363754,2,1.4935183309299611,34.77
340,552,0,-0.0899962619693189,0.3621622797247123,1.0857112365651211,2,-1.165242730489407,26.5
341,136,2,1.1811766262975316,-0.4705893670174841,1.2640103313971829,0,1.6319519916370406,41.68
342,259,0,1.0485022975221394,-0.9787090158771292,1.7491228036999993,0,-1.011504845985566,37.6
343,108,3,0.2913556045107364,1.681861923290736,-0.8773154860826737,0,0.8521322245383712,58.09
344,332,3,1.2638375955345562,-0.1671290211707515,-1.576039536284941,0,0.1738768517273078,130.11
345,198,1,-1.013854153441948,0.6444509735356266,-0.2880022440728079,3,1.3488238513969346,17.99
346,758,3,-1.336857100460574,-1.2468832749974976,-1.2645950134938724,3,0.1996157735673177,19.12
347,915,0,-0.794351075468,-0.0542135436463858,-1.6379811049441313,0,0.1321380595543197,46.8
348,307,3,-1.525101828723042,-1.6420874463327777,-0.4639857662447128,2,-1.0476784658688223,7.43
349,230,1,0.1045001362354451,0.0163586298063427,1.0058239797897164,3,-1.149242860156428,29.24
350,503,2,1.49862253336745,1.5971753151474617,0.2503683994136115,2,1.4601272971915702,58.31
351,251,0,-1.586229268158825,-0.4070744109100284,-0.6295492114459128,1,-0.587160458893516,9.14
352,153,2,-1.302125600781152,-1.5997441422611405,0.5566028837193276,2,-0.4334225743896753,10.69
353,219,1,-0.167100191257636,-1.6279730116422315,-0.910312396489906,0,0.9154360593340702,46.4
354,772,1,1.4895923434508005,-0.3929599762194826,-1.6663468700310502,1,-0.54889989940161,152.27
355,727,1,-0.6345861769426582,-1.183368318890042,0.938672372645174,3,1.583952380638103,16.9
356,686,2,0.0225337969920088,-1.656201881023323,0.4500865413521222,3,0.8396105868864752,34.56
357,724,2,-1.5785883382293522,0.8843963632749035,0.9317256546647036,1,0.350571071926293,3.47
358,519,2,-1.2118237016146542,-0.1459573691349328,-1.5806706816052545,2,1.3363022137450389,26.64
359,521,2,1.6708907717773842,-0.7317064087925795,1.1916486857672874,3,-1.5548047907706333,48.06
360,203,1,1.5965653624634208,1.3784015774440028,0.4356142122261432,0,-0.8334193327141481,59.88
361,951,1,-1.7050109970624487,-1.3315698831407718,0.2405272156079457,1,-0.1099469350490139,4.8
362,353,0,1.5507197828865833,1.5689464457663702,0.4535599003423569,0,-0.9377663131466196,58.59
363,326,0,0.4761271828052622,-0.6470198006493054,1.28658716483371,1,0.8604799829729692,32.89
364,211,2,1.2624483355473797,1.336058273372366,0.3227300450435066,3,1.469866348698601,56.93
365,609,3,-0.1580700013409861,0.3480478450341666,0.3018898911020969,2,-0.253250121509608,28.36
366,572,3,0.051013626729135,1.1243417530141806,1.7248092907683543,1,-0.5370739082859298,23.49
367,198,1,-0.0406775324245394,1.66774748860019,0.9120432870533728,1,1.617343414376494,26.42
368,252,1,0.5712914919268787,-0.7387636261378524,-0.1797492222104849,0,-0.1802072352068783,52.94
369,960,1,-1.2416927913389573,1.5901180978021885,0.7406909102017808,3,-0.0264693507030367,9.86
370,995,0,-1.6188768778574818,-0.3859027588742099,-0.3644161418579772,0,-0.5043785210837556,6.71
371,977,0,-0.6630660066797842,-0.4000171935647555,-0.9213113666256504,3,1.436475314960211,34.53
372,437,1,0.7011873007279179,-0.5552759751607582,0.3568847417808173,0,0.2517892637835534,43.32
373,805,1,-1.0277467533137168,0.1363313246759812,1.507724353878669,1,0.9237838177686682,10.43
374,921,1,0.593519651721709,-1.197482753580588,1.511197712868904,0,1.0963041587503544,31.18
375,262,3,1.613236482309543,0.1786746287476183,-0.5288218007290991,2,-0.5384652013583625,81.89
376,819,0,-1.3986791698899457,0.1363313246759812,0.1166440782895652,3,-0.2191634412350001,7.82
377,780,3,0.5907411317473552,0.8985107979654492,-0.9809373626246836,3,1.2236074748779693,68.99
378,260,3,-0.1955800209947622,1.1455134050499989,1.742176085719529,1,-0.4640310219832001,23.18
379,679,1,1.2631429655409678,-0.2094723252423886,1.6918123803611225,3,1.0343916170270882,41.57
380,900,1,-1.1124916125315067,-0.6893631047209424,0.539814981933192,2,1.545691821146197,12.19
381,497,2,0.6595095011126112,-0.8375646689716723,1.0776067322545728,0,0.4403094750982178,35.66
382,376,2,1.1603377264898789,-1.0633956240204034,0.7678988889586212,1,0.8521322245383712,44.53
383,915,3,1.5264077331109878,-1.5362291861536848,0.3441490921499558,2,1.072652176518994,60.08
384,603,0,0.6275565214075427,-0.5482187578154853,-1.5308858694118863,3,1.2117814837622891,102.75
385,995,1,-0.0121977026874132,-0.8022785822453081,-0.1363322348325479,3,-0.3534232227247803,36.13
386,491,1,0.4024964034848871,1.611289749838007,0.6278067430191446,2,-1.5492396184809012,35.05
387,234,3,1.2659214855153216,0.192789063438164,0.6370690336597711,0,-0.3297712404934199,51.78
388,294,2,0.24064761497878,-0.5341043231249397,-0.4199898857017367,0,0.6163080487609861,48.3
389,500,0,-1.6174876178703048,0.2704184542361653,1.5546147002468411,1,-0.1607291321928169,1.97
390,739,2,1.4791728935469737,-1.2539404923427706,-1.1349229445251006,3,0.8778711463783812,106.49
391,132,2,0.6490900512087846,-0.1953578905518429,0.0217055992231432,2,-0.485596064605911,47.7
392,787,2,0.6046337316191243,0.4327344531774409,0.6833804868629042,0,0.4806569741987732,38.72
393,559,2,-0.9798172837561142,-0.04009910895584,0.705378427134392,1,-1.078982559998564,15.9
394,982,1,0.5435062921833411,-0.3435594548025728,0.5369205161079964,3,0.8792624394508138,41.52
395,569,1,-0.3671536294111076,1.703033575326554,-0.759800173579724,3,0.1703986190462256,38.51
396,474,2,0.5178049824205688,1.3078294039912746,-1.1737087865827245,1,-1.017765664811514,79.05
397,121,0,-1.3549174802938733,0.4186200184868952,0.4929246355650198,1,-0.7116811888762655,8.66
398,849,3,0.5400331422153991,0.2351323675098012,0.3655681392564047,0,0.8764798533059485,43.24
399,769,0,1.714652461373456,0.4115628011416224,-1.0932426366422807,2,-0.0487300398619644,110.72
400,137,0,-1.5556655484409334,-1.0351667546393122,0.7331652990562719,3,-0.976026872638526,7.58
401,329,0,1.638243162078727,-0.3647311068383912,-0.1351744485024694,2,1.6368215173905554,73.4
402,464,2,-0.3226973098214472,-1.5997441422611405,0.6034932300874998,3,0.7603068817577969,23.34
403,662,1,1.272173155457618,-0.0894996303727499,1.1922275789323262,3,1.6020391905797318,46.06
404,537,0,0.968619848259468,0.1433885420212539,-1.1268184402145522,2,-0.2414241303939278,90.79
405,875,2,0.228144275094188,-0.9434229291507652,-1.6495589682449143,1,-0.0744689617019733,94.01
406,382,0,0.8171905096571874,1.5971753151474617,0.9901938643336592,0,1.3961278158596555,38.01
407,126,0,1.2992637252075672,1.413687664170367,0.4014595154888325,3,0.0987470258159286,55.86
408,325,2,-0.3324221297316854,0.7644236684052651,0.7140618246099794,1,0.7324810203091375,26.3
409,376,1,-0.5970761572888821,0.1081024552948897,1.1951220447575226,3,-0.8501148495833437,17.28
410,897,1,0.5740700119012324,1.2725433172649103,1.0723966937692202,0,-0.173250769844713,37.57
411,708,3,1.0561432274516125,-1.282169361723862,1.6217663073913835,3,-1.2981112189067536,35.01
412,383,2,0.8991568489006238,0.9973118407992692,0.1455887365415233,0,-1.0108091994493498,49.61
413,978,3,1.02141172777219,-1.3033410137596806,-0.0193958154946372,0,-1.7238468990712368,56.75
414,580,3,-0.2240598507318884,1.011426275489815,-0.320420261315001,3,-1.5909784106538898,36.22
415,552,3,1.0901800971374456,-0.7811069302094895,-1.1823921840583118,3,1.6716038442013792,96.72
416,928,1,-1.3083772707234478,1.300772186646002,0.2729452328501389,0,-0.8842015298579512,8.0
417,915,2,0.1503457158122823,1.533660359040006,-0.7540112419293327,1,0.5801344288777296,54.77
418,758,3,-1.7015378470945064,-1.218654405616406,1.4839897341120636,2,1.190912087675795,0.92
419,615,2,-0.6054117172119434,-0.131842934444387,0.3094155022476061,0,0.1877897824516375,20.8
420,646,2,-0.4616233085391357,1.6606902712549172,0.3429913058198774,3,-1.1944598850104993,22.43
421,291,1,-0.3595126994816347,-0.0612707609916585,-0.4830892406910054,3,0.8055239066118672,35.3
422,148,3,0.6699289510164377,1.2513716652290918,-1.5355170147321997,1,0.3603101234333237,105.38
423,611,3,-0.3859086392379955,0.2986473236172567,-1.6061419808669777,2,0.8159586046551148,63.39
424,116,2,-0.1789089011486394,-0.4353032802911198,-0.2457430430249493,0,0.950218386144894,37.46
425,271,0,-0.9047972444485624,-0.7458208434831253,-1.422632847549563,0,1.6653430253754309,32.67
426,319,1,-0.4380058887571287,-1.0281095372940392,0.3916183316831667,2,0.2677891341165326,25.14
427,257,1,-0.940223374121573,0.8985107979654492,1.3438975881725863,0,-0.5391608478945793,13.05
428,576,1,-1.4702260592295548,-0.4000171935647555,1.3502654129880174,2,0.527960938661494,6.26
429,145,1,0.3531776739401078,0.0375302818421611,0.5728118923404242,3,-1.4894140163662843,34.37
430,472,3,0.5761539018819978,-0.0330418916105673,-0.982674042119801,2,1.394040876251006,71.95
431,617,3,0.4080534434335948,0.2633612368908926,1.281377126348357,0,-1.3120241496310834,31.46
432,198,0,-0.1282009116166831,1.2584288825743644,1.3618432762888006,2,-0.587160458893516,25.18
433,991,1,-0.4157777289622985,1.6606902712549172,-1.0330377474782082,1,1.110217089474684,42.89
434,844,1,1.247166475688434,-0.3223878027667541,0.8454705730738691,3,0.350571071926293,45.61
435,136,2,0.0628223366201387,1.1243417530141806,-0.7210143315221005,3,-0.3582927484782952,50.19
436,379,3,-0.0740197721167847,0.9126252326559948,1.0718178006041807,2,-0.0807297805279218,24.55
437,448,1,-1.6334641077228391,0.2492468022003469,1.7473861242048816,0,1.2451725175006805,5.84
438,596,0,-0.5484520577376911,1.5689464457663702,-1.611930912517369,1,-0.544726020184311,56.25
439,401,0,-0.4143884689751216,-1.042223971984585,1.4006291183464246,3,1.297346007716916,18.23
440,280,3,-0.350482509564985,-1.3527415351765903,0.4466131823618871,3,-1.4205450092808536,28.34
441,706,0,0.2732952246774368,1.2160855785027276,1.664604401604282,0,0.9745660149124712,27.44
442,198,0,0.1128356961585065,-0.2165295425876613,-0.1010197517651591,0,1.220824888733103,37.82
443,799,3,0.3684595337990535,1.1949139264669089,1.2269611688346762,1,-1.0949824303315427,31.92
444,215,1,0.9081870388172736,1.3572299254081848,-1.499625638499772,2,-0.2302937858144644,108.99
445,290,1,1.073508977291323,-1.515057534117866,-0.5513986341656264,0,-1.1520254463012938,71.72
446,352,0,0.7477275102983432,1.32194383868182,-1.4834166298786753,2,0.7303940807004881,104.14
447,260,0,1.5639177527647636,-0.1812434558612972,1.6715511195847514,1,0.134920645699185,45.48
448,355,1,-1.6591654174856114,0.0304730644968884,1.1216026127975485,2,0.4827439138074227,3.86
449,422,3,-1.0485856531213702,0.4327344531774409,1.2449068569508903,3,-1.0442002331877402,11.82
450,227,0,-1.695980807145799,1.4701454029325498,1.5418790506159796,2,-0.9906354498990716,4.53
451,117,2,0.5046070125423882,-1.6703163157138687,-1.4203172748894068,1,-1.5833262987555086,87.08
452,892,3,1.3659482045920577,-0.0824424130274772,-0.3765728983237996,1,-0.6073342084437942,72.2
453,834,0,-0.8846529746344975,0.6444509735356266,-1.4695231939177351,1,0.2197895231175949,37.22
454,665,0,1.4659749236687931,0.7644236684052651,-0.9838318284498796,2,1.2569985086163604,95.17
455,669,2,-1.5146823788192152,0.6585654082261724,-0.9195746871305328,3,0.5926560665296257,8.96
456,422,2,1.4909816034379773,-1.268054927033316,-0.0865474226391801,0,-0.2129026224090525,68.99
457,971,1,-0.5123312980710921,-0.6964203220662152,-0.7835347933463298,3,1.588126259855402,37.35
458,785,3,-1.372977860127173,-0.4917610190533025,-1.3653224242106865,2,0.7742198124821257,14.62
459,891,3,-0.0510969823283659,1.0467123622161791,-1.1343440513600611,2,1.508126908190508,54.92
460,725,1,-0.8388073950576602,-0.7669924955189438,-1.2043901243298,0,0.1077904307867424,31.85
461,387,3,-0.7422538259488668,-1.006937885258221,1.6634466152742031,2,-0.8264628673519833,16.79
462,953,3,-0.6651498966605495,1.576003663111643,0.9213055776939992,1,-1.5436744461911696,16.62
463,762,3,1.0394721076054894,-1.705602402440233,1.645500927157989,1,0.7978717947134861,37.97
464,738,3,0.132285335978983,1.7171480100171002,-0.1890115128511113,1,-1.3050676842689184,39.59
465,254,3,-0.6512572967887807,0.6091648868092622,-0.7493800966090192,1,-0.6741162759205754,32.02
466,589,2,0.3767950937221149,1.1313989703594534,1.056766578313163,1,0.1244859476559385,31.93
467,485,3,0.7407812103624591,-0.7175919741020338,-0.582658865077741,2,0.2357893934505741,64.5
468,884,2,-0.7846262555577618,-1.6844307504044145,-0.6764395578140849,0,0.3617014165057564,25.74
469,203,3,-0.2997745200330287,0.820881407167448,-0.9085757169947885,0,-1.149242860156428,44.37
470,492,1,-1.30282023077474,1.152570622395272,-1.2657527998239508,1,-0.4062923594772328,16.85
471,910,0,-1.098599012659738,0.8279386245127206,-0.8252151012291493,2,0.4194400790117237,21.41
472,345,2,0.6206102214716582,-1.2398260576522249,-0.4819314543609269,3,1.6458649223613693,59.58
473,275,3,-1.0979043826661494,0.8702819285843577,0.6249122771939486,3,0.8034369670032178,11.09
474,138,1,0.0843558664213803,0.9267396673465408,-1.4990467453347327,2,1.4816923398142812,78.72
475,576,0,0.7164691605868635,0.5456499307018067,-0.9849896147799576,1,0.9237838177686682,75.7
476,781,2,-1.354222850300285,0.9126252326559948,1.0938157408756697,0,0.3310929689122316,6.27
477,858,0,0.2288389050877763,1.1949139264669089,-1.205547910659878,2,-1.059504456984503,68.25
478,637,1,-0.8395020250512488,0.3903911491058037,-0.5259273349039031,3,0.591264773457193,22.5
479,966,2,1.5889244325339476,-1.430370925974592,1.2871660579987485,3,0.4410051216344345,48.17
480,917,0,-0.0587379122578388,-0.0471563263011127,-1.1777610387379984,3,0.3679622353317048,59.4
481,507,3,1.049891557509316,-1.465657012700956,-1.4290006723649942,1,-0.0236867645581713,108.43
482,624,2,0.1704899856263471,-0.3223878027667541,-0.0332892514555772,3,0.1112686634678256,40.22
483,927,0,-1.572336668287056,-0.3294450201120271,-0.665440587678341,2,-0.5642041231983724,8.7
484,605,1,0.4552882829976089,-1.5080003167725933,0.2405272156079457,2,0.0792689228018672,44.14
485,924,1,1.5493305228994068,-0.5270471057796668,1.0758700527594554,3,-1.0400263539704413,49.07
486,135,2,0.3469260039978118,-1.3527415351765903,-1.2397026073971886,2,1.073347823055211,76.26
487,784,0,1.095042507092565,1.0608267969067244,0.3007321047720188,3,-1.0810694996072134,52.58
488,119,2,1.3187133650280436,1.5407175763852787,0.0396512873393569,3,-1.431675353860317,60.61
489,420,2,-0.9374448541472192,-1.4868286647367746,-1.215967987630583,0,-0.2101200362641862,31.69
490,875,0,-0.9923206236407062,1.5689464457663702,0.4512443276822003,1,0.5627432654723178,15.23
491,611,0,0.37887898370288,0.0728163685685256,-0.7655891052301157,1,-0.2045548639744545,58.63
492,499,3,-0.3081100799560898,-0.6964203220662152,-0.0217113881547938,0,-0.7645503256287169,30.66
493,753,0,1.165894766438586,-1.465657012700956,-1.4301584586950724,0,0.2142243508278632,116.69
494,982,1,1.3728945045279417,-0.0048130222294759,-0.1195443330464123,1,-0.5203783914167348,67.28
495,570,2,-0.5067742581223847,1.011426275489815,-0.6515471517174011,3,1.5171703131613217,33.26
496,242,2,-0.9068811344293276,0.7079659296430822,1.1401271940788025,3,1.4816923398142812,13.42
497,191,1,0.9623681783171724,-1.557400838189503,-1.5181502197810248,1,0.0201389672234672,113.87
498,453,0,-0.7769853256282889,-1.4797714473915018,-0.2619520516460459,3,-0.587160458893516,23.7
499,933,1,1.1068512169835685,-0.3435594548025728,-0.1235965852016864,0,0.8368280007416089,59.03
500,899,1,-0.2643483903600179,-0.7105347567567609,0.802053585695932,3,-1.5993261690884872,26.52
501,826,3,0.5733753819076441,-0.9293084944602192,0.2787341645005305,3,-0.075860254774407,43.49
502,953,1,-1.3931221299412375,-0.7599352781736709,0.6011776574273432,2,-0.5572476578362081,7.48
503,150,2,0.4233353032925404,1.0467123622161791,0.9826682531881504,2,1.4747358744521168,31.94
504,764,1,-0.1684894512448129,1.4772026202778232,1.2784826605231616,2,-1.6855863395793305,22.44
505,797,2,0.2955233844722669,-0.3294450201120271,-0.6260758524556781,3,0.1954418943500187,55.46
506,674,2,-1.1437499622429868,1.3995732294798215,0.1525354545219935,1,0.8486539918572891,12.77
507,289,2,0.8123280997020683,-0.6187909312682139,1.202068762737992,0,-0.0403822814273664,35.86
508,224,0,1.2450825857076686,-0.0894996303727499,1.7207570386130806,3,-1.430284060787884,38.6
509,249,3,-0.976344133788172,-0.950480146496038,1.373421139589584,1,1.654908327332184,11.74
510,413,2,-1.3924274999476491,0.482134974594351,-0.4257788173521283,3,0.0743993970483523,8.44
511,669,2,-1.6404104076587234,1.6536330539096444,-1.0382477859635606,0,0.4090053809684761,5.13
512,441,0,0.4858520027155004,0.3551050623794396,-0.0165013496694415,3,-0.9043752794082288,46.32
513,404,2,0.3656810138246998,-0.4988182363985753,0.859942902199848,0,-0.0459474537170981,34.33
514,791,1,0.1579866457417552,0.5033066266301695,-0.0055023795336976,3,-0.2344676650317634,38.86
515,781,1,-0.9242468842690388,-1.3103982311049531,-0.0379203967758903,0,-1.4671533272073571,18.54
516,937,3,-0.3775730793149341,1.336058273372366,1.1951220447575226,3,-1.3579368210213705,23.65
517,882,2,0.3226139542222163,0.0093014124610697,-0.4610913004195172,0,1.1853469153860634,49.76
518,153,0,-0.0135869626745901,-0.1812434558612972,1.2703781562126133,2,-0.893244934828765,24.66
519,543,1,1.6750585517389145,0.291590106271984,-0.3030534663638264,3,-1.0490697589412556,75.37
520,712,0,-1.2528068712363722,0.4256772358321682,-0.5762910402623103,3,0.029182372194281,14.47
521,363,0,0.6685396910292606,-1.4868286647367746,-0.1392267006577435,1,0.9467401534638118,53.06
522,152,1,-0.3317274997380968,0.6232793214998079,0.9323045478297431,1,-1.5116747055252115,21.83
523,671,0,-0.2490665305010723,-0.8940224077338551,-1.2784884494548123,0,0.278919478695996,56.04
524,719,1,0.7456436203175782,0.7361947990241736,-1.0336166406432474,3,-1.3127197961672996,75.64
525,104,0,0.6595095011126112,1.1102273183236346,1.588769396984152,0,-1.6007174621609206,32.17
526,202,1,1.6868672616299183,1.0467123622161791,-1.1065571794381814,2,-1.5436744461911696,112.12
527,295,2,-1.2798974409863215,0.1786746287476183,0.2555784378989642,1,1.174216570806599,10.15
528,873,3,-1.363947670210523,0.0657591512232526,0.2961009594517052,0,-1.3168936753845988,9.7
529,976,1,0.7685664101059967,-1.2398260576522249,-0.015343563339363,0,-1.5701090145673955,50.1
530,983,1,0.2670435547351408,0.9479113193823592,0.5230270801470565,1,-0.2045548639744545,36.8
531,449,3,-0.7790692156090542,-0.7952213649000353,-0.9178380076354152,3,1.2083032510812068,28.02
532,146,1,-1.4486925294283133,-0.0189274569200216,0.2034780530454394,0,-0.8146368762363037,9.82
533,966,1,-1.4271589996270713,-0.7528780608283981,-0.4234632446919718,1,-0.2602065868717724,8.46
534,922,0,1.3527502347138771,-1.268054927033316,0.582074182981051,3,-1.588195824509024,54.36
535,919,3,-1.0617836229995503,0.4397916705227139,-1.225809171436249,2,-0.1655986579463318,25.18
536,755,2,-0.609579497173474,-1.5432864034989573,0.2665774080347081,1,0.2817020648408613,23.9
537,368,1,-0.9423072641023382,0.8561674938938121,-1.0724024827008711,0,0.2587457291457177,26.7
538,469,3,-0.501217218173677,-0.6329053659587597,-0.748222310278941,2,-0.5711605885605368,37.34
539,735,0,-1.4827293991141468,-1.7338312718213245,-0.956623849693039,3,-0.6295948976027209,8.56
540,205,2,0.0628223366201387,0.0304730644968884,-1.0810858801764585,3,-1.3565455279489378,57.27
541,769,3,-1.488981069056443,-1.5715152728800488,1.1517050573795855,1,-0.4515093843313031,6.16
542,758,2,1.0304419176888395,-0.7811069302094895,-0.7239087973472962,1,-1.3815888032527308,72.43
543,756,2,-0.9179952143267428,0.7079659296430822,1.504250994888434,1,0.9390880415654308,11.62
544,219,2,0.1350638559533367,-1.515057534117866,1.6530265383034988,3,1.633343284709473,27.93
545,930,1,1.3041261351626865,1.1666850570858174,0.2683140875298256,2,1.6465605688975862,59.0
546,886,1,0.5164157224333917,-1.7197168371307787,-1.219441346620818,3,1.2813461373839363,78.21
547,703,0,0.1107518061777411,-0.8799079730433094,-0.4153587403814235,0,0.3623970630419731,46.81
548,157,0,-0.6068009771991203,0.8279386245127206,1.054451005653006,3,0.7102203311502109,18.98
549,445,3,-0.5769318874748173,-0.6399625833040326,-0.4402511464781074,0,-0.7353331711076249,28.28
550,840,0,0.5803216818435286,-1.3809704045576818,-1.413949450073976,2,0.4667440434744445,92.44
551,573,2,1.6965920815401565,-0.4847038017080297,0.2179503821714184,1,-0.1426423222511882,65.34
552,216,2,0.5539257420871676,-0.8022785822453081,1.219435557689167,1,-0.0508169794706139,36.3
553,929,1,0.1961912953891196,1.1807994917763636,1.048662074002615,3,0.908479593971906,28.98
554,890,2,0.790794569900827,-0.6470198006493054,-1.10771496576826,1,-0.7464635156870892,83.49
555,226,3,-0.1219492416743871,0.9973118407992692,0.6208600250386744,2,-0.6212471391681229,26.24
556,492,2,-1.5146823788192152,1.3501727080629116,-0.9502560248776084,1,1.4886488051764466,7.55
557,740,2,0.2114731552480653,-0.2306439772782071,-0.9583605291881562,3,-1.5318484550754894,57.1
558,157,3,1.570864052700648,1.413687664170367,1.3195840752409418,2,-0.0382953418187169,49.08
559,733,0,-1.1187432824738028,-0.4282460629458469,-0.8489497209957552,0,1.4476056595396742,21.51
560,612,0,0.6511739411895495,1.5971753151474617,-0.8020593746275829,3,0.3957880967803633,68.5
561,850,3,-1.0305252732880703,-1.423313708629319,-1.7138161095642614,0,0.173181205191091,37.31
562,901,1,0.1204766260879793,0.6444509735356266,1.3080062119401583,2,-0.8584626080179413,26.44
563,195,2,-1.3889543499797072,-0.0259846742652943,1.0370842107018314,3,-0.5335956756048477,5.98
564,737,3,-0.173351861199932,-0.3929599762194826,0.4628221909829837,3,1.2361291125298652,27.78
565,217,2,0.8783179490929706,0.4539061052132596,0.8900453467818842,2,0.2177025835089454,40.77
566,659,1,-0.5269185279364494,0.7009087122978092,-1.1881811157087032,1,0.063269052468888,44.3
567,700,2,0.5643451919909942,-1.7197168371307787,-0.1241754783667254,3,-1.3808931567165146,49.59
568,587,3,1.0130761678491285,-1.1551394495089506,-0.4964037834869059,3,-1.6716734088550012,65.11
569,336,2,1.4666695536623815,0.7291375816789006,-1.3902148303073705,0,1.6242998797386594,120.78
570,984,0,-0.9152166943523892,0.573878800082898,-0.0275003198051855,1,-0.4160314109842635,16.93
571,996,1,-0.3483986195842196,1.6042325324927342,1.481674161451907,0,0.3707448214765702,20.01
572,371,1,-1.1979311017428853,0.8985107979654492,-1.5771973226150195,0,-1.4497621638019451,28.59
573,288,1,1.691035041591449,1.5548320110758242,-0.7036475365709255,1,0.6490034359631603,91.44
574,803,3,1.4659749236687931,0.6938514949525365,-0.9954096917506624,1,1.516474666625105,99.31
575,546,1,0.1350638559533367,-0.703477539411488,-0.8888933493834571,2,0.2747455994786969,55.27
576,680,0,1.1735356963680588,-1.366855969867136,1.4394149604040485,1,-1.288372167399723,39.55
577,889,3,0.0697686365560229,0.9690829714181778,-0.0905996747944542,3,0.2963106421014078,37.0
578,960,0,0.4226406732989521,0.4962494092848964,-0.0963886064448459,1,0.9383923950292138,47.97
579,346,2,-1.415350289736068,-1.564458055534776,0.925357829849273,2,-0.3137713701604417,8.9
580,175,2,0.8755394291186169,-0.4917610190533025,-1.179497718233116,2,1.3328239810639555,87.14
581,253,2,-1.2826759609606753,1.576003663111643,-0.0234480676499113,2,0.5286565851977109,11.79
582,755,2,1.1186599268745718,-0.0048130222294759,-0.222587316423383,1,1.4003016950769536,62.68
583,534,0,0.9672305882722914,-0.2377011946234798,0.3568847417808173,1,0.4417007681706514,49.96
584,185,3,0.7150799005996864,-0.1530145864802058,1.75549062851543,0,-1.270981003994311,34.39
585,796,3,-1.59734334805624,-1.0139951026034937,0.956618060761388,0,-0.650464293689215,5.21
586,384,1,-0.6797371265259069,-0.4564749323269383,-0.334313697275941,3,-1.025417776709895,26.26
587,319,0,-0.8172738652564187,-0.4564749323269383,1.1580728821950164,0,1.4336927288153445,13.19
588,168,2,-0.4831568383403776,-1.5503436208442305,-1.1233450812243173,3,0.9175229989427196,40.72
589,146,0,-1.420212699691187,0.9196824500012676,-1.6101942330222516,2,0.6253514537317999,15.72
590,193,1,1.5000117933546273,-0.2941589333856627,-1.005829768721367,0,-0.6803770947465239,97.01
591,849,1,0.1822986955173508,1.1102273183236346,-0.5340318392144513,1,-1.0873303184331615,49.75
592,552,0,-0.6714015666028457,1.2090283611574544,0.057018082290532,0,0.90361006821839,24.18
593,303,0,-0.356734179507281,-0.999880667912948,0.4205629899351247,3,-0.0779471943830565,24.28
594,317,0,-0.1837713111037585,0.5385927133565336,1.4469405715495574,0,-0.9419401923639183,24.4
595,573,3,0.3434528540298696,-0.1036140650632956,0.0547025096303754,2,0.4173531394030741,40.61
596,531,2,0.0517082567227236,1.3078294039912746,0.0251789582133779,1,-1.5868045314365908,36.16
597,440,0,1.4395789839124324,-0.9857662332224022,-1.5418848395476306,3,-0.5927256311832476,134.55
598,650,0,-0.0128923326810015,0.6091648868092622,-1.5951430107312334,1,-0.0974252973971169,77.61
599,711,0,1.689645781604272,0.3692194970699853,0.1982680145600871,1,-1.2125466949521273,63.59
600,388,1,1.2061833060667155,-0.7105347567567609,-0.194221551336464,3,1.6973427660413891,63.87
601,353,1,-1.0048239635252982,-1.2609977096880434,1.1985954037477569,1,-1.000374501406102,12.29
602,833,3,1.4777836335597971,0.5174210613207152,-1.1580786711266668,1,-1.2737635901391768,109.66
603,456,2,-1.3215752406016283,0.820881407167448,-1.629297707468544,0,-1.0191569578839472,19.69
604,122,3,1.0887908371502688,-0.6399625833040326,-0.1565934956089186,1,0.9474358000000288,58.88
605,861,2,-0.4129992089879448,0.4962494092848964,-0.8912089220436137,1,-0.2469893026836595,37.91
606,621,1,1.2971798352268018,-0.3647311068383912,-1.543621519042748,1,0.2392676261316563,130.66
607,857,1,1.2631429655409678,0.7291375816789006,0.8008957993658535,1,-1.6542822454495894,45.92
608,936,1,1.0491969275157276,-1.042223971984585,-1.3282732616481805,3,-1.6076739275230854,105.03
609,199,3,0.995015788015829,1.3431154907176388,0.3968283701685193,2,-0.1767290025257951,49.3
610,901,0,-0.6741800865771993,-0.7387636261378524,-0.7401178059683927,0,1.1129996756195497,30.81
611,279,0,-1.4431354894796058,-0.4635321496722112,-1.1135038974186515,1,1.3516064375418009,12.7
612,322,1,-0.3358952796996277,-1.5362291861536848,-0.3968341591001703,1,-1.4254145350343683,32.72
613,861,0,-1.1249949524160987,-1.3456843178313176,1.067765548448907,3,0.1453553437424325,9.89
614,758,0,0.6678450610356723,0.0516447165327069,-0.3539960648872723,2,1.448996952612107,55.04
615,541,3,-0.5317809378915686,-0.809335799590581,0.8917820262770018,1,-0.3777708514923565,21.04
616,707,2,1.6326861221300195,1.152570622395272,-1.2802251289499298,3,1.1582167004736208,119.2
617,868,1,0.4823788527475579,-1.6844307504044145,0.9681959240621716,0,-1.2626332455597136,32.96
618,424,1,1.10615658698998,-0.421188845600574,-0.8929456015387313,0,1.5262137181321356,85.14
619,615,3,-1.2660048411145528,-0.569390409851304,0.636490140494732,1,0.8862189048129782,7.87
620,115,3,1.2423040657333149,-1.6703163157138687,0.2492106130835334,1,1.5470831142186297,57.36
621,891,0,1.451387693803436,-1.3033410137596806,1.511197712868904,2,0.6260471002680168,44.58
622,435,1,-0.0469292023668354,-0.3012161507309356,-0.3707839666734079,2,-0.4633353754469833,39.43
623,858,2,0.362902493850346,-0.0259846742652943,-1.4863110957038712,1,1.5359527696391664,85.53
624,357,3,0.9081870388172736,-0.3365022374572998,-1.6495589682449143,3,-0.768724204846016,121.64
625,596,2,-1.1208271724545682,0.101045237949617,1.1557573095348592,2,-0.5718562350967537,12.25
626,995,2,0.0065573071394746,0.3268761929983482,0.1062240013188603,1,0.7102203311502109,36.08
627,259,1,-0.3511771395585733,-1.6985451850949602,0.9763004283727196,2,0.9349141623481316,24.19
628,574,1,-1.21807537155695,-0.131842934444387,-0.9016289990143186,1,1.5053443220456415,19.85
629,951,3,-0.4581501585711935,1.5971753151474617,-0.5172439374283158,0,-1.0149830786666485,34.07
630,763,1,-1.487591809069266,0.0587019338779799,-1.61135201935233,1,1.0483045477514177,12.61
631,789,1,-1.6327694777292503,0.6091648868092622,1.6235029868865012,0,0.8416975264951247,2.74
632,774,1,-1.256974651197903,-0.6540770179945783,0.6034932300874998,2,-1.5054138866992637,12.19
633,479,2,1.5896190625275364,0.9408541020370864,1.5250911488298438,1,-0.3805534376372229,43.31
634,644,3,0.1677114656519934,0.9408541020370864,-0.7939548703170347,2,-0.7436809295422229,51.76
635,790,0,1.5993438824377746,0.0657591512232526,0.4078273403042632,0,-0.6685511036308437,60.33
636,526,2,-0.2344793006357149,1.6395186192190985,0.6405423926500061,1,1.6917775937516577,26.07
637,712,1,-0.6498680368016039,-1.2962837964144076,-0.6133402028248166,2,0.5084828356474326,31.8
638,367,2,0.0183660170304783,-1.6773735330591415,1.229855634659872,0,0.768654640192394,27.28
639,934,1,-0.2101672508601193,0.9267396673465408,1.5737181746931337,2,1.6695169045927296,19.77
640,676,1,-1.3583906302618156,1.0608267969067244,1.3572121309684877,3,-0.4153357644480466,9.97
641,516,2,0.4816842227539696,-1.3174554484502263,0.8506806115592217,0,1.0615218319395308,34.68
642,267,3,-0.9791226537625258,-0.8163930169358539,-0.7522745624342152,0,-0.2156852085539179,22.04
643,941,1,0.4087480734271833,-1.6703163157138687,-0.7378022333082361,0,1.297346007716916,58.33
644,142,3,0.5136372024590381,-0.7175919741020338,1.629870811701932,1,-1.0991563095488417,28.26
645,655,0,-1.1986257317364737,0.9408541020370864,-1.68024030599199,1,1.5686481568413406,28.44
646,384,1,-1.510514598857685,0.0587019338779799,0.7707933547838174,1,-0.9662878211314953,4.37
647,496,3,0.9630628083107604,-0.5270471057796668,0.7366386580465066,3,-0.5927256311832476,43.85
648,111,3,-0.140704251501275,-0.4494177149816655,0.4466131823618871,3,0.9029144216821742,28.79
649,706,0,-1.5216286787551,-1.7267740544760517,1.7230726112732369,0,-0.3575971019420793,6.7
650,401,3,1.6993706015145102,-0.6964203220662152,-0.6330225704361478,3,0.3881359848819821,89.7
651,997,3,-1.5230179387422766,0.5033066266301695,-0.5351896255445299,2,-0.1809028817430941,6.31
652,352,0,0.6678450610356723,1.6324614018738255,-1.441736321995856,0,0.8549148106832376,95.88
653,598,1,1.6604713218735572,1.1949139264669089,-0.1780125427153674,0,-0.932896787393104,72.28
654,853,3,-0.8992402044998549,-1.64914466367805,-0.8095849857730922,2,-1.5241963431771082,23.83
655,134,3,-1.2326626014223074,1.3713443600987305,-0.5236117622437464,0,-0.6838553274276061,16.37
656,826,3,-1.3042094907619173,0.9761401887634504,1.1823863951266602,3,-0.0772515478468397,9.73
657,948,2,-0.6790424965323184,0.9620257540729048,1.533195653140392,1,-1.14298204133048,14.53
658,189,0,-1.37436712011435,-0.1530145864802058,-1.071244696370793,2,-0.4932481765042922,13.61
659,875,2,0.6581202411254341,-0.3576738894931185,-0.4223054583618932,3,-0.3360320593193684,55.25
660,704,0,-1.507736078883331,-0.6893631047209424,1.5094610333737866,2,-1.5276745758581909,6.29
661,701,1,0.0301747269214817,-1.5080003167725933,-1.5013623179948892,2,0.3018758143911395,72.93
662,517,1,1.7056222714568063,-0.9434229291507652,-1.3954248687927229,0,1.3488238513969346,135.03
663,214,3,1.0769821272592652,-0.8799079730433094,-1.1505530599811578,0,-1.199329410764014,95.25
664,716,0,0.3934662135682374,-0.0612707609916585,0.3510958101304257,3,0.3519623649987257,38.99
665,295,1,-0.6686230466284918,0.849110276548539,-1.1933911541940556,2,0.5850039546312444,38.86
666,925,0,0.4233353032925404,-0.0965568477180229,1.6460798203230285,0,-0.2685543453063704,31.35
667,600,1,0.0906075363636763,-1.5362291861536848,-0.1646979999194669,0,0.7109159776864267,40.65
668,725,2,-0.2567074604305451,1.576003663111643,0.0257578513784173,2,-0.2984671463636783,29.61
669,592,1,-1.272256511056849,1.5266031416947328,-0.8593697979664601,3,0.0277910791218484,15.25
670,174,2,1.3270489249511048,0.9831974061087236,-0.0801795978237493,3,-1.7015862099123096,65.54
671,512,1,-0.1754357511806972,1.6959763579812814,0.5826530761460901,2,0.6789162370204692,28.63
672,475,3,-1.0527534330829007,0.1504457593665269,0.8929398126070799,3,0.5731779635155643,13.63
673,519,2,-0.4574555285776052,1.5971753151474617,0.902202103247707,0,-1.5937609967987556,23.45
674,828,1,-0.2976906300522632,-1.4727142300462288,0.290890920966353,2,-0.4466398585777882,30.08
675,376,3,1.123522336829691,-0.4705893670174841,1.4249426312780695,0,1.6778646630273275,41.82
676,860,2,0.8005193898110652,-0.9575373638413108,1.1227603991276276,1,-0.2636848195528545,36.02
677,775,3,0.9234688986762192,-1.056338406675131,0.913201073383451,1,0.0187476741510335,42.04
678,493,0,-1.683477467261207,-1.2468832749974976,-1.5227813651013382,3,1.4378666080326437,6.7
679,968,0,-0.2907443301163787,0.4186200184868952,-1.6923970624578124,1,0.7672633471199614,72.71
680,556,2,-0.0663788421873118,0.9690829714181778,-0.978042896799488,0,0.2970062886376237,52.56
681,291,1,-1.6556922675176693,0.2633612368908926,0.5884420077964817,1,1.047608901215201,2.45
682,838,2,-0.8283879451538337,-1.2257116229616791,-0.2880022440728079,0,1.2792591977752872,23.93
683,788,3,0.8922105489647396,1.067884014251998,-0.3186835818198835,3,-0.1384684430338892,61.19
684,198,1,-1.2500283512620185,0.4680205399038053,1.356633237803448,3,-0.0744689617019733,7.08
685,647,0,0.1190873661008024,-0.3929599762194826,1.394261293530994,0,-0.3847273168545219,26.73
686,195,1,-0.9819011737368796,0.5950504521187164,1.4417305330642047,1,1.635430224318123,10.84
687,763,0,-1.6800043172932646,-0.8375646689716723,-0.6260758524556781,3,0.6976986934983138,3.58
688,762,1,-0.8922939045639704,-0.5411615404702125,0.6839593800279432,2,-1.4379361726862656,13.58
689,289,1,1.6340753821171967,1.4419165335514583,-0.7725358232105859,3,1.2743896720217722,91.64
690,835,1,1.0346096976503705,-0.7317064087925795,-1.0538779014196178,1,-0.0556865052241288,87.95
691,136,3,1.5778103526365326,-0.1106712824085686,-1.0747180553610278,2,-1.4880227232938517,106.06
692,879,3,-0.0441506823924816,1.3431154907176388,-0.5276640143990206,1,0.1850071963067712,43.86
693,468,2,-1.344498030390047,0.7150231469883549,-0.222587316423383,0,-0.2762064572047516,12.81
694,794,2,0.162154425703286,-1.522114751463139,1.1702296386608384,2,1.3258675157017912,27.43
695,624,0,-0.1594592613281632,-1.2257116229616791,-1.2999074965612611,1,-1.017765664811514,56.97
696,378,3,1.18187125629112,-1.705602402440233,0.8367871755982813,2,1.1470863558941564,48.25
697,316,0,-1.384091940024588,0.4468488878679866,0.1299586210854661,1,0.2121374112192137,7.67
698,966,2,-0.0427614224053045,-0.1883006732065699,-0.7158042930367479,2,-1.5374136273652217,48.99
699,972,0,-1.2055720316723582,-1.268054927033316,-0.0043445932036191,1,1.6528213877235347,14.88
700,897,2,-0.6054117172119434,1.576003663111643,-0.6741239851539284,0,0.0556169405705068,31.57
701,372,3,0.8137173596892454,0.101045237949617,0.3539902759556213,2,-0.7158550680935635,49.14
702,980,1,-0.0851338520141998,-0.8940224077338551,-0.2092727736274821,2,-0.0946427112522515,35.33
703,161,3,-0.428975698840479,-0.0048130222294759,-1.1453430214958054,2,1.2563028620801435,44.18
704,695,0,-0.3650697394303421,0.6162221041545352,-1.3114853598620446,2,-0.6664641640221942,52.67
705,979,0,-0.1420935114884521,-1.4727142300462288,0.1826378991040296,0,-1.057417517375853,31.09
706,828,3,0.977650038176118,-0.7811069302094895,1.4179959132975992,2,-1.2786331158926922,40.03
707,441,3,1.3458039347779924,1.0537695795614517,-0.5212961895835898,3,-0.6915074393259872,73.59
708,496,2,1.5632231227711753,-0.1459573691349328,0.8298404576178116,0,0.9856963594919346,52.54
709,798,0,0.9839017081184142,0.1575029767117996,0.5716541060103462,3,-0.0869905993538704,47.14
710,118,0,-0.6373646969170119,-0.2377011946234798,1.5193022171794524,2,-0.9363750200741868,17.42
711,276,3,0.6442276412536655,-1.5785724902253218,1.1354960487584889,1,-1.149242860156428,34.54
712,711,1,-0.2171135507960038,-1.1621966668542234,0.2521050789087291,3,-0.5697692954881041,29.18
713,495,0,-0.8457536949935448,-0.1953578905518429,0.5658651743599544,2,1.542213588465115,18.93
714,544,1,1.169367916406528,-1.006937885258221,1.4041024773366595,3,-0.5342913221410635,38.97
715,332,3,-1.5897024181267672,-1.564458055534776,-0.3285247656255494,2,1.709864403693285,7.77
716,175,3,1.379146174470238,1.1807994917763636,-0.5809221855826235,2,-0.0396866348911496,78.79
717,364,2,-0.1351472115525676,1.6606902712549172,-1.678503626496873,2,-1.104025835302357,79.16
718,554,0,0.4691808828693777,1.011426275489815,1.1545995232047812,1,1.372475833628295,34.26
719,895,1,0.5455901821641065,1.2160855785027276,1.0660288689537896,3,-0.1259468053819931,33.5
720,817,2,1.3562233846818197,-0.8940224077338551,-1.3531656677448642,0,0.7408287787437355,116.56
721,834,0,0.467791622882201,1.5901180978021885,0.2874175619761179,0,1.6945601798965229,43.43
722,483,2,0.3892984336067068,-1.056338406675131,-0.1044931107553938,0,-1.552717851161984,45.21
723,663,3,-1.492454219024385,1.5548320110758242,-1.3039597487165353,0,-1.3913278547597616,14.17
724,950,0,0.0607384466393733,1.703033575326554,1.6894968077009656,2,0.7783936916994247,24.38
725,605,2,-1.2055720316723582,0.7291375816789006,-0.9705172856539788,3,-0.7471591622233051,16.79
726,466,2,0.8137173596892454,1.6606902712549172,-1.482837736713636,3,-1.0859390253607288,104.6
727,243,1,0.0392049168381316,0.2351323675098012,0.3499380238003471,1,-1.5902827641176736,35.7
728,984,2,0.6171370715037162,-0.8375646689716723,0.8501017183941822,3,-1.6514996593047229,37.01
729,168,0,-1.5785883382293522,-0.2235867599329341,-1.6032475150417818,3,0.9662182564778732,12.12
730,198,0,-1.4299375196014252,0.3198189756530751,0.5716541060103462,3,-1.2598506594148478,9.67
731,495,1,0.7414758403560474,-1.4797714473915018,0.1328530869106618,1,-0.1002078835419832,47.91
732,124,0,-1.4736992091974972,0.4186200184868952,-1.3572179199001382,0,0.3797882264473851,10.77
733,990,3,-1.476477729171851,1.6606902712549172,-1.1169772564088865,3,-0.2372502511766288,12.48
734,568,0,-1.6800043172932646,-1.0775100587109492,0.2567362242290423,1,-1.6327172028268784,2.91
735,583,0,1.5673909027327062,1.004369058144542,-0.6868596347847898,1,0.9982179971438316,88.35
736,664,2,0.8144119896828338,1.4066304468250943,1.543036836946058,2,-1.6904558653328456,34.55
737,250,2,-0.5067742581223847,1.5266031416947328,1.1273915444479408,1,0.9223925246962356,19.78
738,243,0,-0.7019652863207371,1.5830608804569155,1.6999168846716708,0,1.3801279455266762,16.7
739,668,1,-0.5192775980069767,0.0728163685685256,-0.8142161310934054,3,-0.2219460273798664,35.28
740,138,2,0.9422239085031074,1.6465758365643712,1.6518687519734203,1,0.1356162922354019,35.34
741,208,1,0.5525364820999911,0.8843963632749035,-0.2185350642681088,0,-0.0682081428760258,50.19
742,792,0,-1.084706412787969,-1.1763111015447691,-0.5091394331177674,1,-0.3735969722750585,17.62
743,141,0,-1.1229110624353336,-0.0824424130274772,-1.5413059463825916,1,1.359258549440182,29.04
744,285,3,-1.3833973100309995,0.7503092337147194,-1.532622548907004,1,1.3822148851353258,19.5
745,497,2,0.5483687021384602,-0.8799079730433094,0.6874327390181783,1,-0.5593345974448566,37.76
746,322,0,0.906797778830097,0.482134974594351,-0.125333264696804,1,0.4117879671133425,56.45
747,733,3,-0.8103275653205342,0.573878800082898,-0.9294158709361982,0,1.4969965636110436,30.39
748,232,2,-1.6494405975753732,-1.1692538841994964,0.416510737779851,3,1.618734707448927,3.15
749,262,0,-1.438967709518075,0.2210179328192555,-0.8379507508600108,3,0.0430953029186107,10.05
750,314,0,1.6062901823736586,0.9337968846918132,0.2903120278013135,3,-0.1523813737582189,63.71
751,832,2,-0.7061330662822678,-0.0118702395747486,-0.4686169115650264,3,-0.758289506802769,27.88
752,334,2,0.9234688986762192,-1.6914879677496872,1.144179446234076,0,1.6076043628694634,39.94
753,942,2,0.4261138232668944,-1.705602402440233,1.13433826242841,2,-1.2306335048937556,33.49
754,757,0,-0.4081367990328257,-0.4988182363985753,-0.0581816575522611,2,0.2893541767392425,26.75
755,850,0,-1.0145487834355364,1.4701454029325498,-0.4975615698169844,0,-0.7443765760784398,20.44
756,687,3,-1.3042094907619173,-0.9434229291507652,-0.457039048264243,0,-0.7568982137303358,12.94
757,108,1,0.3927715835746491,0.4609633225585323,1.082237877574886,1,-0.3186408959139565,32.91
758,173,2,0.9415292785095192,-0.9645945811865836,-0.5762910402623103,1,1.7467336701127585,67.04
759,591,0,0.4921036726577962,-0.6187909312682139,-0.9901996532653102,1,-1.5360223342927883,66.73
760,352,0,0.1017216162610914,1.2019711438121816,-1.4220539543845243,3,0.2851802975219444,72.07
761,329,2,-1.5771990782421752,0.7855953204410835,-0.0952308201147674,1,-1.4400231122949143,8.34
762,618,1,1.608374072354424,-1.4021420565935006,-0.0413937557661254,2,-1.189590359256984,68.04
763,273,2,1.024884877740132,-0.2518156293140255,1.204384335398149,3,-0.198294045148506,40.22
764,752,1,-0.7151632561989174,-1.6350302289875047,-0.9479404522174512,1,0.0479648286721256,30.3
765,267,0,1.6479679819889652,-0.0683279783369315,-0.3927819069448962,3,-0.8271585138882002,76.42
766,269,1,0.3476206339914001,0.5597643653923523,1.0915001682155123,2,-0.6268123114578555,33.07
767,492,3,0.2809361546069095,-1.3245126657954989,1.1447583393991154,1,-1.424718888498152,30.86
768,894,0,0.850532749349433,-0.7317064087925795,-0.3800462573140347,2,-0.6727249828481427,60.62
769,733,3,1.0693411973297924,-0.3576738894931185,-0.1212810125415298,2,1.634734577781906,58.25
770,293,2,0.5358653622538683,1.4489737508967315,-0.662546121853145,2,1.5589091053343098,61.32
771,616,2,-1.2812867009734985,1.703033575326554,1.5227755761696875,1,-0.5628128301259397,6.85
772,128,2,-0.5588715076415179,-1.5785724902253218,-1.3039597487165353,0,0.2580500826095019,43.33
773,264,1,1.4694480736367357,0.8985107979654492,1.5268278283249612,1,1.436475314960211,43.03
774,521,0,-0.9492535640382228,-0.4494177149816655,0.6590669739312593,2,-1.705760089129608,14.12
775,438,2,-0.4421736687186592,-0.3788455415289369,0.1299586210854661,1,1.0921302795330554,25.55
776,747,2,-0.2358685606228918,0.8773391459296305,-1.6026686218767423,2,1.5714307429862069,69.68
777,595,0,-0.2108618808537078,1.4419165335514583,-0.0639705892026528,0,-1.40941466470139,33.81
778,464,2,0.3858252836387645,1.5548320110758242,-0.3001590005386303,3,-1.1659383770256235,50.37
779,932,3,1.5208506931622805,0.2633612368908926,-1.1563419916315494,0,1.6145608282316286,108.1
780,441,0,-0.8943777945447358,-0.4988182363985753,0.5635496016997978,0,0.1425727575975662,14.3
781,599,0,-1.3042094907619173,0.9902546234539962,1.6570787904587725,3,-1.6779342276809492,6.91
782,756,0,-1.0430286131726625,-0.8657935383527636,0.2364749634526715,1,-0.8313323931054987,17.64
783,610,3,1.3277435549446932,0.2139607154739824,0.7667411026285432,3,-0.1621204252652496,50.05
784,426,0,0.4990499725936807,-0.4917610190533025,-1.4782065913933229,1,0.6830901162377683,93.33
785,316,3,-0.7387806759809245,0.5385927133565336,-0.2654254106362806,1,0.8229150700172791,21.71
786,400,0,1.0839284271951497,-0.901079625079128,-1.3120642530270836,2,1.7349076789970783,103.63
787,231,1,1.2402201757525495,-1.0704528413656764,0.4124584856245769,2,-0.7269854126730279,50.85
788,903,2,1.1888175562270045,1.4419165335514583,1.543615730111097,3,0.1446596972062157,39.89
789,169,1,1.4381897239252557,-1.3809704045576818,0.5826530761460901,0,0.1279641803370207,55.95
790,351,2,-0.854089254916606,0.0163586298063427,-1.449261933141365,3,-0.316553956305307,40.03
791,514,3,0.8741501691314398,-0.9716517985318566,-0.4842470270210835,1,-1.138808162113181,63.86
792,886,1,-0.1379257315269213,-1.5997441422611405,0.1965313350649696,2,1.672299490737596,31.58
793,544,0,1.1735356963680588,-1.6068013596064132,-0.3157891159946879,3,1.240998638283381,68.36
794,975,2,0.7831536399713541,-1.1269105801278592,1.1794919293014647,3,0.0062260364991375,38.18
795,281,2,0.9477809484518148,1.2654860999196371,1.1134981084870004,2,0.3707448214765702,38.0
796,266,1,0.5344761022666912,-0.7599352781736709,0.4089851266343418,2,-0.9370706666104032,41.1
797,190,3,-1.1117969825379184,1.5548320110758242,-0.4188320993716586,2,0.1641378002202771,15.79
798,813,1,0.1524296057930478,0.2774756715814383,-0.8292673533844235,1,0.6900465815999326,54.22
799,957,3,1.6639444718414995,-0.2235867599329341,-1.3485345224245509,2,0.0646603455413216,126.86
800,630,3,1.5014010533418038,0.2704184542361653,-0.4836681338560444,0,1.7168208690554505,78.64
801,138,2,-1.5730312982806445,0.0516447165327069,-0.2810555260923381,3,0.3992663294614454,5.71
802,225,1,-1.1548640421404015,0.8914535806201762,0.6312801020093793,2,-0.4369008070707575,10.36
803,550,1,-1.2687833610889063,-0.7599352781736709,0.5699174265152286,2,0.958566144579492,10.39
804,272,3,0.7748180800482924,-0.5129326710891211,-1.4724176597429313,1,-1.1346342828958818,104.5
805,752,1,1.0901800971374456,1.3572299254081848,-0.3429970947515284,1,-0.3895968426080367,65.81
806,853,0,-0.9874582136855872,1.5407175763852787,-1.0845592391666934,3,-0.5203783914167348,25.57
807,319,0,0.0176713870368897,1.3501727080629116,-1.1713932139225676,0,-0.2254242600609486,62.57
808,737,1,1.1686732864129397,-0.2800444986951169,1.157493989029977,3,0.9919571783178832,44.87
809,157,1,0.7977408698367114,0.9620257540729048,-1.5708294977995885,2,-0.0431648675722327,109.95
810,759,3,0.1427047858828095,-0.0894996303727499,-0.2602153721509284,0,1.0343916170270882,40.57
811,575,0,0.3080267243568589,-0.0118702395747486,-1.1320284786999046,0,0.2775281856235623,69.55
812,555,0,0.0260069469599511,-1.0281095372940392,1.3381086565221951,0,-0.5377695548221467,27.65
813,928,2,-0.6984921363527948,0.3127617583078024,0.2185292753364578,0,1.0900433399244058,23.85
814,994,3,0.2211979751583035,-1.091624493401495,-0.9126279691500624,3,-0.8988101071184972,60.47
815,460,2,0.6470061612280192,-0.5905620618871226,0.029231210368652,1,-0.946809718117434,49.0
816,100,0,1.2812033453742673,1.2231427958480003,0.8246304191324593,1,0.0277910791218484,48.28
817,486,3,0.4664023628950239,-1.0210523199487664,1.6119251235857175,2,-0.8202020485260353,27.67
818,447,1,0.8956836989326816,-1.4868286647367746,-0.9502560248776084,1,-1.6960210376225775,77.83
819,289,3,-1.1715351619865244,-1.4938858820820475,1.3618432762888006,1,0.5272652921252772,9.97
820,604,1,-0.134452581558979,1.51954592434946,1.529143400985118,1,0.0500517682807751,23.61
821,290,1,-1.6897291372035028,0.0163586298063427,1.4672018323259275,1,-0.177424649062012,3.64
822,607,3,-0.8735388947370823,-0.3153305854214814,0.4906090629048633,2,1.6361258708543387,18.29
823,468,1,0.7762073400354695,1.067884014251998,0.471505588458571,3,0.2594413756819346,43.46
824,508,2,1.6882565216170953,1.1596278397405448,-0.3157891159946879,0,1.275780965094205,77.64
825,923,0,-1.3806187900566458,-0.5835048445418497,0.8969920647623544,1,-1.2424594960094355,5.98
826,216,1,-0.3414523196483351,0.665622625571445,0.1293797279204271,3,0.2524849103197692,28.24
827,233,2,1.0290526577016628,0.9337968846918132,0.6370690336597711,1,1.2917808354271842,47.83
828,157,1,-1.020105823384244,0.5315354960112609,-0.2277973549087352,1,0.3011801678549227,18.93
829,655,0,0.1871611054724699,-1.2115971882711336,0.8246304191324593,0,0.7700459332648276,34.15
830,784,2,0.7991301298238881,1.2937149693007286,1.147652805224311,0,-0.4334225743896753,36.69
831,771,0,0.3962447335425911,0.1292741073307085,-1.2072845901549956,0,-1.4059364320203076,74.25
832,272,0,-1.0749815928777309,-0.7599352781736709,1.1771763566413085,1,-0.1342945638165902,10.99
833,928,2,-0.4998279581865001,-0.2659300640045712,0.1606399588325417,1,-0.3555101623334298,25.21
834,914,2,0.9734822582145872,-1.6068013596064132,1.21769887819405,1,1.2883026027461009,41.35
835,248,2,0.1836879555045276,-1.2892265790691348,-0.2179561711030694,0,-0.878636357568219,44.01
836,179,3,-1.7036217370752718,0.9126252326559948,-0.399728624925366,2,1.635430224318123,5.6
837,985,2,0.8949890689390934,-1.7338312718213245,1.4619917938405758,3,1.6055174232608138,34.99
838,312,2,-1.6001218680305938,-0.2941589333856627,-0.8437396825104025,2,-0.8661147199163224,8.64
839,302,2,0.8421971894263713,0.0728163685685256,1.2159621986989324,1,-0.5169001587356516,35.6
840,863,2,-1.0256628633329514,-1.5432864034989573,-0.0350259309506947,1,1.3877800574250574,18.74
841,328,1,1.5722533126878253,1.6324614018738255,0.0697537319213935,2,1.634734577781906,64.47
842,775,3,-0.4567608985840166,-0.950480146496038,-0.6446004337369313,1,-0.1850767609603932,33.96
843,326,0,-0.5977707872824707,-0.6823058873756696,0.2741030191802173,3,-0.6108124411248764,23.01
844,758,2,-1.2097398116338889,-0.6823058873756696,-0.5867111172330152,1,0.1022252584970107,17.98
845,631,1,-0.6707069366092571,-0.9363657118054922,-1.579512895275176,3,0.6650033062961396,46.84
846,540,1,1.2923174252716827,-1.7267740544760517,-0.7713780368805074,2,-0.7763763167443972,82.32
847,501,1,1.7042330114696294,0.7855953204410835,-1.69413374195293,2,0.8340454145967425,167.25
848,146,0,-0.4553716385968397,1.611289749838007,1.681971196555457,1,-1.5478483254084685,17.85
849,332,2,-0.1789089011486394,-0.9575373638413108,1.63797531601248,3,-1.556196083843066,20.42
850,404,3,0.760925480176524,0.5597643653923523,-0.3435759879165674,1,-0.3840316703183051,57.4
851,625,3,1.3256596649639276,0.8349958418579936,0.8136314489967154,0,-0.498117702257807,48.36
852,242,1,0.3177515442670971,1.2019711438121816,-0.5149283647681591,0,-0.6295948976027209,53.43
853,514,0,-0.3754891893341689,-0.2729872813498442,0.6150710933882831,0,-0.0195128853408723,25.8
854,612,0,-0.3032476700009707,-0.6893631047209424,1.0816589844098463,0,-0.6115080876610922,22.94
855,472,0,0.6699289510164377,-0.6117337139229411,1.5725603883630552,1,-1.0588088104482862,35.26
856,665,3,-1.7105680370111562,0.7291375816789006,-0.3262091929653927,0,-0.6511599402254318,3.33
857,985,1,0.4087480734271833,1.089055666287816,1.0046661934596384,3,1.663951732302998,31.31
858,358,2,-0.4991333281929116,-1.1057389280920409,-0.7922181908219171,2,-0.2970758532912456,34.87
859,755,3,1.008908387887598,-0.4494177149816655,1.7236515044382763,2,-0.1802072352068783,35.6
860,570,1,-1.4021523198578874,1.3854587947892756,-1.626403241643348,0,0.2782238321597791,16.56
861,111,1,0.3010804244209746,1.0537695795614517,0.3800404683823837,0,1.6931688868240902,39.87
862,429,2,-0.0677681021744887,1.6748047059454627,0.5745485718355418,0,-0.886984116002817,31.04
863,835,2,0.487241262702677,0.8773391459296305,0.6735393030572383,1,0.642046970600996,36.48
864,883,2,-1.498705888966681,-0.3717883241836642,-1.298170817066144,2,0.7630894679026623,12.04
865,457,0,0.2726005946838484,0.3057045409625298,1.543615730111097,0,0.3853533987371167,29.13
866,507,2,0.2086946352737115,0.5527071480470793,-1.08687481182685,3,-1.4191537162084205,65.8
867,767,1,0.2059161152993578,-1.465657012700956,0.4471920755269262,0,0.6267427468042336,37.24
868,472,2,0.3531776739401078,0.1504457593665269,-0.9427304137320992,2,-1.5047182401630468,63.27
869,107,1,0.6046337316191243,0.7220803643336279,-0.6492315790572445,0,0.346397192708994,62.84
870,221,3,1.0464184075413738,-1.1551394495089506,0.1820590059389905,2,0.8451757591762069,53.77
871,447,0,-0.7936564454744116,0.9690829714181778,-0.2671620901313982,0,-0.9934180360439376,23.28
872,775,3,1.11518677690663,0.284532888926711,-1.1598153506217843,3,1.199955492646609,93.65
873,189,3,-0.0087245527194709,1.5618892284210968,-1.1221872948942389,0,-1.6215868582474149,56.06
874,747,1,-1.4570280893513743,-1.5856297075705943,-0.2636887311411631,3,1.2076076045449902,9.02
875,797,3,-1.520239418767923,-0.8163930169358539,0.914358859713529,3,-0.1259468053819931,4.81
876,415,1,-0.5727641075132868,0.3480478450341666,1.4029446910065808,0,-0.9704617003487938,15.48
877,277,2,0.9769554081825296,-0.7105347567567609,-1.4237906338796418,3,-1.2619375990234971,108.34
878,639,2,0.7116067506317444,0.7361947990241736,-0.3505227058970372,1,1.588821906391619,54.5
879,831,1,0.99015337806071,0.8914535806201762,-1.3682168900358822,0,-1.4748054391057384,104.32
880,968,2,0.0565706666778427,-1.3809704045576818,-1.658242365720502,0,-1.035156828216926,85.55
881,140,0,-0.2080833608793542,0.0445874991874341,0.582074182981051,3,-0.5175958052718684,29.74
882,839,3,-1.214602221589008,0.0234158471516154,0.3765671093921486,3,0.4298747770549712,11.68
883,803,0,-0.5929083773273515,-0.4564749323269383,-1.1499741668161183,0,0.1676160329013593,37.82
884,601,3,-0.2296168906805958,1.4913170549683683,-0.9039445716744752,1,-1.2904591070083724,45.82
885,244,2,-1.416739549723245,1.1243417530141806,-1.6339288527888571,3,-0.7193333007746466,19.42
886,300,0,-0.9631461639099916,0.6797370602619908,1.184123074621778,3,-0.8967231675098477,15.84
887,823,2,0.3351172941068082,0.7361947990241736,1.6692355469245952,2,-0.9843746310731234,27.73
888,560,3,0.808160319740538,-0.1389001517896601,-1.2454915390475805,1,-0.2970758532912456,89.1
889,831,1,1.7111793114055138,1.4489737508967315,-0.9120490759850236,1,0.7213506757296742,102.73
890,851,1,1.4868138234764463,0.665622625571445,1.29990170762961,0,-0.9711573468850104,44.13
891,657,0,0.4879358926962658,0.7855953204410835,1.5019354222282777,1,-0.4522050308675199,31.57
892,646,2,-0.2733785802766676,1.244314447883819,-0.2584786926558108,0,-0.36733615344911,33.53
893,352,2,0.4657077329014354,-0.7881641475547624,-1.540148160052513,2,1.668821258056513,92.77
894,489,0,0.9797339281568832,1.0537695795614517,-1.579512895275176,1,1.592995785608918,119.18
895,693,1,-1.3146289406657437,-1.056338406675131,0.277576378170452,3,1.055956659649799,9.11
896,982,3,-0.3122778599176206,-0.5411615404702125,-0.3516804922271157,2,-0.886984116002817,35.24
897,355,0,1.165894766438586,-0.5764476271965768,-1.6165620578376825,0,-1.4908053094387177,133.87
898,808,3,-0.4018851290905297,1.6465758365643712,0.3099943954126452,2,-0.6247253718492061,24.98
899,914,1,0.2448153949403105,1.230200013193273,-1.676766947001755,0,-0.7993326524395408,96.93
900,549,2,0.2989965344402092,0.6938514949525365,1.018559629420578,2,0.0326606048753632,29.61
901,109,1,-1.0874849327623228,0.7785381030958107,-0.6515471517174011,0,0.9780442475935536,19.41
902,923,0,-0.4762105384044931,0.2069034981287097,-1.576039536284941,1,1.258389801688793,55.16
903,897,2,-0.5713748475261099,1.5407175763852787,0.3273611903638199,3,1.2110858372260722,25.24
904,341,0,-1.6313802177420738,-0.0189274569200216,-0.3348925904409801,0,-0.4765526596350962,6.57
905,350,0,-1.6383265176779582,-0.421188845600574,1.6663410810993995,2,0.66291636668749,4.73
906,976,1,1.1381095666950485,-1.1692538841994964,0.1739545016284423,0,-0.6393339491097516,56.88
907,104,0,-0.7825423655769964,0.9831974061087236,-0.7603790667447634,0,-1.5151529382062945,28.84
908,218,1,0.0593491866521964,0.8067669724769022,0.74821652134729,0,0.7130029172950761,32.7
909,900,2,-0.6943243563912642,-0.4070744109100284,-0.7731147163756249,2,-1.6932384514777117,31.66
910,473,1,1.5125151332392193,-1.64914466367805,1.42436373811303,3,-0.304032318653411,46.88
911,164,2,-0.8297772051410106,1.1666850570858174,-0.4147798472163844,1,-0.5815952866037843,23.52
912,245,1,-0.2442041205459532,-1.6914879677496872,0.1936368692397739,3,0.684481409310201,27.97
913,323,3,1.2791194553935024,0.7009087122978092,-1.540727053217552,0,0.937696748492998,129.14
914,338,3,1.1735356963680588,1.6183469671832795,-0.2359018592192835,2,-0.6699423967032764,62.34
915,276,0,-1.0819278928136151,-0.2235867599329341,1.1748607839811516,3,1.0956085122141377,12.22
916,878,1,1.0380828476183124,-0.9222512771149464,1.082237877574886,0,-0.7047247235141001,41.66
917,952,1,-0.1462612914499827,0.7009087122978092,-0.9369414820817074,1,-0.1746420629171466,49.3
918,381,2,-0.0608218022386042,1.089055666287816,-0.9311525504313156,1,0.8013500273945683,48.54
919,162,0,-1.2625316911466105,0.1575029767117996,1.1227603991276276,1,0.6830901162377683,7.84
920,316,1,-1.4445247494667823,1.611289749838007,1.5152499650241775,0,1.70708181754842,6.4
921,953,0,0.7810697499905886,-1.557400838189503,-1.385004791822018,2,-0.944027131972568,99.44
922,926,3,-0.0149762226617669,0.0093014124610697,-0.1531201366186835,3,0.5766561961966474,37.48
923,894,1,-0.2198920707703575,0.7503092337147194,-0.5438730230201172,1,0.3930055106354979,38.76
924,788,1,0.7866267899392961,1.2513716652290918,1.3080062119401583,0,1.4552577714380557,37.36
925,560,0,0.9102709287980392,-1.1127961454373134,-1.4261062065397982,0,-1.183329540431035,105.35
926,709,1,-1.175008311954467,1.032597927525633,-0.982674042119801,3,0.8876101978854118,18.57
927,204,0,0.3767950937221149,0.1786746287476183,0.8975709579273938,1,0.249006677638687,33.48
928,198,1,-1.2562800212043146,-0.3647311068383912,-1.5378325873923566,0,-0.7722024375270987,21.89
929,610,2,0.8616468292468479,-1.275112144378589,-0.0055023795336976,3,-0.0772515478468397,55.54
930,484,0,0.5372546222410454,1.2584288825743644,-0.180328115375524,2,-0.5662910628070219,47.96
931,504,1,1.5673909027327062,-1.1904255362353149,-0.5548719931558611,2,0.2879628836668098,81.49
932,922,3,-1.4848132890949122,-0.6611342353398509,-0.345891560576724,2,1.364823721729914,6.1
933,617,1,-1.5257964587166304,-0.7317064087925795,0.1247485826001135,1,0.253180556855986,5.38
934,575,3,-0.7512840158655164,1.2796005346101833,-1.1557630984665104,3,0.4702222761555266,36.4
935,808,3,-0.8221362752115378,0.5950504521187164,0.2706296601899822,3,0.0771819831932177,17.51
936,962,2,-0.8721496347499056,1.0184834928350877,1.0816589844098463,0,-1.5492396184809012,12.82
937,744,0,1.3944280343291835,-0.8657935383527636,0.9242000435191948,0,-0.9175925635963418,48.46
938,969,1,-0.8638140748268442,0.4256772358321682,-1.1818132908932724,0,-0.0160346526597901,29.36
939,870,2,-0.786710145538527,0.2421895848550739,-1.198022299514369,3,-0.6483773540805655,32.57
940,536,1,0.889432028990386,1.1455134050499989,-0.7846925796764079,0,-1.0949824303315427,74.4
941,122,3,-0.1754357511806972,1.3995732294798215,-0.4622490867495956,3,0.0263997860494147,40.28
942,664,0,0.949170208438992,-1.6914879677496872,-0.2972645347134347,3,-0.6045516222989279,62.91
943,776,1,-1.4966219989859155,0.5950504521187164,0.6445946448052803,2,-0.8292454534968496,8.37
944,813,1,-0.0455399423796585,-1.557400838189503,-1.5193080061111033,0,-0.1134251677300961,73.59
945,557,3,-1.6063735379728898,0.1645601940570726,-1.5957219038962729,2,-1.2640245386321467,6.78
946,182,1,-1.506346818896154,-0.7387636261378524,-0.3551538512173508,1,1.49977914975591,9.43
947,244,1,1.395122664322772,-0.6752486700303967,0.705378427134392,1,1.2910851888909674,53.15
948,184,3,-1.243082051326134,-0.5129326710891211,-1.0440367176139522,1,0.7338723133815702,19.58
949,177,2,0.1086679161969759,0.4115628011416224,0.5120281100113124,3,-1.3579368210213705,33.15
950,556,3,-0.3081100799560898,-0.5764476271965768,-0.813637237928366,3,0.971087782231389,40.22
951,977,2,-0.5276131579300378,0.7997097551316292,1.3618432762888006,3,1.0830868745622415,20.34
952,100,0,1.3721998745343535,-0.3365022374572998,1.3948401866960325,0,0.9432619207827296,44.36
953,150,2,-1.6466620776010197,-1.5009430994273203,-0.6833862757945547,2,-1.330806606108928,7.69
954,784,2,0.5608720420230522,0.9761401887634504,-0.917259114470376,3,0.5126567148647316,66.58
955,816,0,1.591008322514713,-0.7458208434831253,-0.2874233509077689,2,1.174912217342816,73.03
956,871,2,0.204526855312181,-0.2377011946234798,-0.8807888450729088,2,0.2810064183046454,55.72
957,545,3,1.4993171633610385,0.6373937561903537,0.6191233455435573,2,0.5210044732993286,55.75
958,548,2,-1.5417729485691645,-0.5835048445418497,1.1528628437096635,0,-0.1329032707441575,3.9
959,980,0,-0.281714140199729,-1.5362291861536848,0.622017811368753,0,0.1119643100040414,23.77
960,587,3,-0.8269986851666568,-0.4423604976363927,1.1470739120592714,1,-1.6076739275230854,17.83
961,899,0,0.7914891998944152,1.533660359040006,-0.3372081631011367,1,0.4952655514593197,55.93
962,133,0,1.6521357619504962,0.482134974594351,-1.173129893417685,2,-1.4441969915122137,115.52
963,447,1,-0.8395020250512488,0.5879932347734438,0.8472072525689865,1,-0.2142939154814852,15.52
964,194,1,0.5275298023308072,0.4539061052132596,-0.4639857662447128,2,-0.7095942492676159,56.86
965,171,0,-1.0402500931983087,-1.042223971984585,0.6156499865533223,0,0.1697029725100088,14.18
966,650,0,0.221892605151892,-0.28710171604039,-0.7760091822008206,0,-1.2633288920959298,56.9
967,253,0,-0.1268116516295062,0.8632247112390847,-1.4342107108503466,0,0.6782205904842524,67.52
968,349,1,1.6201827822454276,-1.3809704045576818,1.7311771155837852,3,1.0378698497081702,40.78
969,773,1,0.3705434237798189,-0.7740497128642166,-1.1737087865827245,2,-1.1589819116634583,69.88
970,537,2,-0.519972228000565,-0.7811069302094895,1.7172836796228454,0,-1.364197639847319,16.21
971,217,2,-1.3292161705311012,-0.2377011946234798,1.6784978375652218,2,-1.220894453386725,8.56
972,870,0,-1.2014042517108274,1.6536330539096444,1.0411364628571051,1,1.3237805760931416,12.32
973,990,3,-0.9471696740574572,-1.5009430994273203,0.5745485718355418,1,0.1098773703953919,15.34
974,405,3,-0.8589516648717251,0.0587019338779799,0.290890920966353,0,-0.1022948231506327,18.79
975,367,1,1.2034047860923618,-1.1127961454373134,1.2923760964841011,2,-1.355849881412721,40.41
976,153,1,0.2080000052801232,1.6254041845285532,-0.7105942545513957,0,0.532134817878793,54.48
977,335,1,0.0781041964790843,-1.3386271004860446,-0.0917574611245323,1,1.2917808354271842,41.47
978,488,0,-1.3271322805503356,-0.3365022374572998,0.4350353190611037,0,1.153347174720105,8.55
979,833,3,1.2360523957910186,0.820881407167448,-0.2880022440728079,2,0.4500485266052484,66.77
980,862,2,0.7637040001508776,0.7009087122978092,-0.2312707138989703,1,-1.4657620341349245,53.41
981,924,0,-1.488981069056443,-0.2729872813498442,-0.5687654291168011,3,-1.3363717783986602,9.24
982,500,2,0.7123013806253327,-0.5341043231249397,0.2434216814331417,1,-1.5555004373068495,46.51
983,723,2,0.1475671958379286,-0.3576738894931185,1.2379601389704202,3,-0.8320280396417155,26.45
984,866,0,-1.4403569695052518,-0.8234502342811266,-1.0162498456920723,0,-1.2556767801975488,11.66
985,402,2,-0.1455666614563941,-1.0210523199487664,1.529722294150157,0,-0.8229846346709011,21.99
986,306,3,-0.0552647622898967,-0.0612707609916585,0.6775915552125125,2,-0.3882055495356041,29.22
987,328,2,-1.1513908921724596,-0.8022785822453081,1.1436005530690372,3,1.5526482865083624,11.3
988,952,3,1.5298808830789303,-0.7387636261378524,0.2156348095112618,0,0.3957880967803633,59.14
989,677,3,1.2006262661180085,0.5385927133565336,0.9913516506637374,3,1.1769991569514653,46.31
990,174,3,0.5789324218563515,1.6183469671832795,-1.6599790452156196,0,0.7436113648886009,110.45
991,534,1,-0.1323686915782139,0.3551050623794396,1.126233758117862,1,-1.3356761318624433,24.39
992,202,2,-0.3060261899753246,-1.465657012700956,-1.5766184294499803,0,0.8326541215243098,62.38
993,521,0,0.5164157224333917,-1.4727142300462288,1.374578925919662,2,-0.7708111444546655,33.5
994,803,0,0.1538188657802246,1.5548320110758242,1.7294404360886677,1,0.4959611979955355,27.83
995,863,2,-1.507736078883331,-0.703477539411488,-0.6949641390953382,2,-0.5412477875032289,7.54
996,837,1,0.0405941768253085,-1.4162564912840458,-0.9855685079449972,1,1.742559790895459,54.49
997,905,1,1.051280817496493,0.3409906276888939,0.942145731635409,3,-0.8104629970190046,41.8
998,405,3,-0.1427881414820404,0.4256772358321682,-0.8373718576949718,2,-0.7562025671941195,46.91
999,197,2,-1.5431622085563417,0.5103638439754422,1.290060523823945,0,1.509518201262941,3.62
1000,949,2,0.9818178181376488,-0.809335799590581,-1.3589545993952556,3,-1.6417606077976927,102.2
